,nikkei,aord,nyse,dax,ftse,hangseng,sp500,djia
2013-09-06,13860.81,5144.0,9420.348,8234.98,6547.33,22621.22,1655.08,14937.48
2013-09-09,14205.23,5179.4,9420.348,8234.98,6530.74,22750.65,1655.08,14937.48
2013-09-10,14423.36,5198.9,9539.932,8276.32,6583.99,22976.65,1671.71,15063.12
2013-09-11,14425.07,5230.6,9620.71,8446.54,6588.43,22937.14,1683.99,15191.06
2013-09-12,14387.27,5238.2,9655.3774,8495.73,6588.98,22953.72,1689.13,15326.6
2013-09-13,14404.67,5214.7,9607.3168,8494.0,6583.8,22915.28,1683.42,15300.64
2013-09-17,14311.67,5245.2,9704.47,8613.0,6570.17,23180.52,1697.6,15494.78
2013-09-18,14505.36,5230.4,9738.9262,8596.95,6558.82,23117.45,1704.76,15529.73
2013-09-19,14766.18,5288.6,9887.8809,8636.06,6625.39,23502.51,1725.52,15676.94
2013-09-20,14742.42,5270.8,9854.76,8694.18,6596.43,23502.51,1722.34,15636.55
2013-09-24,14732.61,5229.5,9733.03,8694.18,6571.46,23179.04,1701.84,15401.38
2013-09-25,14620.53,5270.1,9715.2059,8664.6,6551.53,23209.63,1697.42,15334.59
2013-09-26,14799.12,5288.2,9698.96,8665.63,6565.59,23125.03,1692.77,15273.26
2013-09-27,14760.07,5302.3,9726.26,8664.1,6512.66,23207.04,1698.67,15328.3
2013-09-30,14455.8,5217.7,9726.26,8664.1,6462.22,22859.86,1698.67,15328.3
2013-10-01,14484.72,5206.3,9621.25,8594.4,6460.01,22859.86,1681.55,15129.67
2013-10-02,14170.49,5214.9,9693.28,8689.14,6437.5,22984.48,1695.0,15191.7
2013-10-03,14157.25,5232.0,9689.3,8629.42,6449.04,23214.4,1693.87,15133.14
2013-10-04,14024.31,5205.9,9619.2,8597.91,6453.88,23138.54,1678.66,14996.48
2013-10-07,13853.32,5160.6,9619.2,8597.91,6437.28,22973.95,1678.66,14996.48
2013-10-08,13894.61,5148.1,9597.5385,8591.58,6365.83,23178.85,1676.12,14936.24
2013-10-09,14037.84,5151.6,9483.17,8555.89,6337.91,23033.97,1655.45,14776.53
2013-10-10,14194.71,5146.2,9497.0164,8516.69,6430.49,22951.3,1656.4,14802.98
2013-10-11,14404.74,5228.8,9693.9709,8685.77,6487.19,23218.32,1692.56,15126.07
2013-10-15,14441.54,5259.2,9797.1765,8723.81,6549.11,23336.52,1710.14,15301.26
2013-10-16,14467.14,5264.4,9726.618,8804.44,6571.59,23228.33,1698.06,15168.01
2013-10-17,14586.51,5281.9,9844.9993,8846.0,6576.16,23094.88,1721.54,15373.83
2013-10-18,14561.54,5321.0,9934.8428,8811.98,6622.58,23340.1,1733.15,15371.65
2013-10-21,14693.57,5351.5,9934.8428,8811.98,6654.2,23438.15,1733.15,15371.65
2013-10-22,14713.25,5371.2,9982.69,8867.22,6695.66,23315.99,1744.66,15392.2
2013-10-23,14426.05,5356.8,10056.6,8947.46,6674.48,22999.95,1754.67,15467.66
2013-10-24,14486.41,5373.7,9990.33,8919.86,6713.18,22835.82,1746.38,15413.33
2013-10-25,14088.19,5385.7,10029.19,8980.63,6721.34,22698.34,1752.07,15509.21
2013-10-28,14396.04,5437.3,10029.19,8980.63,6721.34,22806.58,1752.07,15509.21
2013-10-29,14325.98,5410.7,10058.54,8978.65,6725.82,22846.54,1762.11,15568.93
2013-10-30,14502.35,5425.4,10108.41,9022.04,6774.73,23304.02,1771.95,15680.35
2013-10-31,14327.94,5420.3,10054.38,9010.27,6777.7,23206.37,1763.31,15618.76
2013-11-01,14201.57,5406.5,10009.65,9033.92,6731.43,23249.79,1756.54,15545.75
2013-11-05,14225.37,5425.7,10064.1069,9037.23,6763.62,23038.95,1767.93,15639.12
2013-11-06,14337.31,5426.0,10011.92,9009.11,6746.84,23036.94,1762.97,15618.22
2013-11-07,14228.44,5415.4,10059.4593,9040.87,6741.69,22881.03,1770.49,15746.88
2013-11-08,14086.8,5394.4,9924.3712,9081.03,6697.22,22744.39,1747.15,15593.98
2013-11-11,14269.84,5380.8,9924.3712,9081.03,6697.22,23069.85,1747.15,15593.98
2013-11-12,14588.68,5386.8,10042.95,9107.86,6728.37,22901.41,1771.89,15783.1
2013-11-13,14567.16,5317.5,10009.84,9076.48,6726.79,22463.83,1767.69,15750.67
2013-11-14,14876.41,5352.0,10079.8886,9054.83,6630.0,22649.15,1782.0,15821.63
2013-11-15,15165.92,5396.2,10130.52,9149.66,6666.13,23032.15,1790.62,15876.22
2013-11-18,15164.3,5377.9,10130.52,9149.66,6666.13,23660.06,1790.62,15876.22
2013-11-19,15126.56,5347.8,10167.16,9225.43,6723.46,23657.81,1791.53,15976.02
2013-11-20,15076.08,5304.6,10135.65,9193.29,6698.01,23700.86,1787.87,15967.03
2013-11-21,15365.6,5284.3,10096.44,9202.07,6681.08,23580.29,1781.37,15900.82
2013-11-22,15381.72,5330.3,10162.4005,9196.08,6681.33,23696.28,1795.85,16009.99
2013-11-25,15619.13,5346.1,10162.4005,9196.08,6681.33,23684.45,1795.85,16009.99
2013-11-26,15515.24,5350.6,10176.2,9299.95,6694.62,23681.28,1802.48,16072.54
2013-11-27,15449.63,5324.9,10167.9,9290.07,6636.22,23806.35,1802.75,16072.8
2013-11-28,15727.12,5326.6,10182.9877,9351.13,6649.47,23789.09,1807.23,16097.33
2013-11-29,15661.87,5314.3,10182.9877,9387.37,6654.47,23881.29,1807.23,16097.33
2013-12-02,15655.07,5273.5,10182.9877,9387.37,6654.47,24038.55,1807.23,16097.33
2013-12-03,15749.66,5249.6,10137.02,9401.96,6595.33,23910.47,1800.9,16008.77
2013-12-04,15407.94,5267.5,10086.73,9223.4,6532.43,23728.7,1795.15,15914.62
2013-12-05,15177.49,5196.9,10064.87,9140.63,6509.97,23712.57,1792.81,15889.77
2013-12-06,15299.86,5186.0,10016.74,9084.95,6498.33,23743.1,1785.03,15821.51
2013-12-09,15650.21,5148.4,10016.74,9084.95,6498.33,23811.17,1785.03,15821.51
2013-12-10,15611.31,5146.2,10146.26,9195.17,6559.48,23744.19,1808.37,16025.53
2013-12-11,15515.06,5109.5,10114.67,9114.44,6523.31,23338.24,1802.62,15973.13
2013-12-12,15341.82,5069.2,9991.45,9077.11,6507.72,23218.12,1782.22,15843.53
2013-12-13,15403.11,5101.5,9949.58,9017.0,6445.25,23245.96,1775.5,15739.43
2013-12-16,15152.91,5093.1,9949.58,9017.0,6445.25,23114.66,1775.5,15739.43
2013-12-17,15278.63,5106.1,10024.969,9163.56,6522.2,23069.23,1786.54,15884.57
2013-12-18,15587.8,5099.3,9989.08,9085.12,6486.19,23143.82,1781.0,15875.26
2013-12-19,15859.22,5202.0,10154.2,9181.75,6492.08,22888.75,1810.65,16167.97
2013-12-20,15870.42,5261.5,10151.53,9335.74,6584.7,22812.18,1809.6,16179.08
2013-12-25,16009.99,5261.5,10284.4,9335.74,6694.17,22812.18,1833.32,16357.55
2013-12-26,16174.44,5261.5,10284.4,9335.74,6694.17,22812.18,1833.32,16357.55
2013-12-27,16178.94,5323.8,10331.68,9335.74,6694.17,23243.24,1842.02,16479.88
2013-12-30,16291.31,5358.0,10331.68,9335.74,6694.17,23244.87,1842.02,16479.88
2014-01-06,15908.88,5327.7,10331.68,9335.74,6694.17,22684.15,1842.02,16479.88
2014-01-07,15814.37,5318.8,10270.06,9428.0,6730.73,22712.78,1826.77,16425.1
2014-01-08,16121.45,5318.7,10327.3301,9506.2,6755.45,22996.59,1837.88,16530.94
2014-01-09,15880.33,5327.5,10320.92,9497.84,6721.78,22787.33,1837.49,16462.74
2014-01-10,15912.06,5316.3,10325.7394,9421.61,6691.34,22846.25,1838.13,16444.76
2014-01-14,15422.4,5219.8,10256.15,9510.17,6757.15,22791.28,1819.2,16257.94
2014-01-15,15808.73,5255.5,10343.09,9540.51,6766.86,22902.0,1838.88,16373.86
2014-01-16,15747.2,5319.4,10385.3881,9733.81,6819.86,22986.41,1848.38,16481.94
2014-01-17,15734.46,5316.4,10376.227,9717.71,6815.42,23133.35,1845.89,16417.01
2014-01-20,15641.68,5307.6,10376.227,9717.71,6815.42,22928.95,1845.89,16417.01
2014-01-21,15795.96,5342.0,10376.227,9715.9,6836.73,23033.12,1845.89,16417.01
2014-01-22,15820.96,5331.3,10366.01,9730.12,6834.26,23082.25,1843.8,16414.44
2014-01-23,15695.89,5275.5,10368.89,9720.11,6826.33,22733.9,1844.86,16373.34
2014-01-24,15391.56,5254.3,10269.3867,9631.04,6773.28,22450.06,1828.46,16197.35
2014-01-27,15005.73,5254.3,10269.3867,9631.04,6773.28,21976.1,1828.46,16197.35
2014-01-28,14980.16,5188.0,9981.3476,9349.22,6550.66,21960.64,1781.56,15837.88
2014-01-29,15383.91,5240.6,10066.85,9406.91,6572.33,22141.61,1792.5,15928.56
2014-01-30,15007.06,5199.4,9962.9192,9336.73,6544.28,22035.42,1774.2,15738.79
2014-01-31,14914.53,5205.1,10048.69,9373.48,6538.45,22035.42,1794.19,15848.61
2014-02-03,14619.13,5201.9,10048.69,9373.48,6538.45,22035.42,1794.19,15848.61
2014-02-04,14008.47,5114.1,9741.5765,9186.52,6465.66,21397.77,1741.89,15372.8
2014-02-05,14180.38,5088.7,9816.97,9127.91,6449.27,21269.38,1755.2,15445.24
2014-02-06,14155.12,5147.4,9809.0287,9116.32,6457.89,21423.13,1751.64,15440.23
2014-02-07,14462.41,5184.5,9940.22,9256.58,6558.28,21636.85,1773.43,15628.53
2014-02-10,14718.34,5236.5,9940.22,9256.58,6558.28,21579.26,1773.43,15628.53
2014-02-12,14800.06,5319.8,10170.3695,9478.77,6672.66,22285.79,1819.75,15994.77
2014-02-13,14534.74,5318.7,10173.77,9540.0,6675.03,22165.53,1819.26,15963.94
2014-02-14,14313.03,5366.9,10228.5757,9596.77,6659.42,22298.41,1829.83,16027.59
2014-02-17,14393.11,5394.8,10228.5757,9596.77,6659.42,22535.94,1829.83,16027.59
2014-02-18,14843.24,5402.2,10228.5757,9656.76,6736.0,22587.72,1829.83,16027.59
2014-02-19,14766.53,5415.5,10319.12,9659.78,6796.43,22664.52,1840.76,16130.4
2014-02-20,14449.18,5421.3,10254.24,9660.05,6796.71,22394.08,1828.75,16040.56
2014-02-21,14865.67,5449.4,10316.89,9618.85,6812.99,22568.24,1839.78,16133.23
2014-02-24,14837.68,5450.1,10316.89,9618.85,6812.99,22388.56,1839.78,16133.23
2014-02-25,15051.6,5444.0,10369.5166,9708.94,6865.86,22317.2,1847.61,16207.14
2014-02-26,14970.97,5447.0,10353.7762,9699.35,6830.5,22437.44,1845.12,16179.66
2014-02-27,14923.11,5421.0,10349.9589,9661.73,6799.15,22828.18,1845.16,16198.41
2014-02-28,14841.07,5415.4,10397.8068,9588.33,6810.27,22836.96,1854.29,16272.65
2014-03-03,14652.23,5397.4,10397.8068,9588.33,6810.27,22500.67,1854.29,16272.65
2014-03-04,14721.48,5411.7,10329.8,9358.89,6708.35,22657.63,1845.73,16168.03
2014-03-05,14897.63,5457.3,10489.97,9589.15,6823.77,22579.78,1873.91,16395.88
2014-03-06,15134.75,5459.7,10482.84,9542.02,6775.42,22702.97,1873.81,16360.18
2014-03-07,15274.07,5477.0,10525.5156,9542.87,6788.49,22660.49,1877.03,16421.89
2014-03-10,15120.14,5430.8,10525.5156,9542.87,6788.49,22264.93,1877.03,16421.89
2014-03-11,15224.11,5429.3,10486.15,9265.5,6689.45,22269.61,1877.17,16418.68
2014-03-12,14830.39,5400.5,10425.6394,9307.79,6685.52,21901.95,1867.63,16351.25
2014-03-13,14815.98,5429.1,10418.99,9188.69,6620.9,21756.08,1868.2,16340.08
2014-03-14,14327.66,5347.1,10297.7398,9017.79,6553.78,21539.49,1846.34,16108.89
2014-03-17,14277.67,5335.2,10297.7398,9017.79,6553.78,21473.95,1846.34,16108.89
2014-03-18,14411.27,5360.2,10377.02,9180.89,6568.35,21583.5,1858.83,16247.22
2014-03-19,14462.52,5373.0,10441.48,9242.55,6605.28,21568.69,1872.25,16336.19
2014-03-20,14224.23,5312.7,10359.4976,9277.05,6573.13,21182.16,1860.77,16222.17
2014-03-24,14475.3,5362.1,10359.4976,9277.05,6573.13,21846.45,1860.77,16222.17
2014-03-25,14423.19,5351.0,10362.0648,9188.77,6520.39,21732.32,1857.44,16276.69
2014-03-26,14477.16,5387.2,10417.0643,9338.4,6604.89,21887.75,1865.62,16367.88
2014-03-27,14622.89,5359.7,10359.3619,9448.58,6605.3,21834.45,1852.56,16268.99
2014-03-28,14696.03,5376.8,10373.4392,9451.21,6588.32,22065.53,1849.04,16264.23
2014-03-31,14827.83,5403.0,10373.4392,9451.21,6598.37,22151.06,1849.04,16264.23
2014-04-01,14791.99,5394.9,10527.7733,9555.91,6652.61,22448.54,1872.34,16457.66
2014-04-02,14946.32,5408.8,10584.3064,9603.71,6659.04,22523.94,1885.52,16532.61
2014-04-03,15071.88,5415.7,10616.8649,9623.36,6649.14,22565.08,1890.9,16573.0
2014-04-04,15063.77,5428.6,10598.4799,9628.82,6695.55,22510.08,1888.77,16572.55
2014-04-07,14808.85,5416.1,10598.4799,9628.82,6622.84,22377.15,1888.77,16572.55
2014-04-08,14606.88,5409.2,10407.418,9510.85,6590.69,22596.97,1845.04,16245.87
2014-04-09,14299.69,5460.3,10452.0144,9490.79,6635.61,22843.17,1851.96,16256.14
2014-04-10,14300.12,5477.5,10554.94,9506.35,6641.97,23186.96,1872.18,16437.18
2014-04-11,13960.05,5423.5,10366.82,9454.54,6561.7,23003.64,1833.08,16170.22
2014-04-14,13910.16,5353.6,10366.82,9454.54,6583.76,23038.8,1833.08,16170.22
2014-04-15,13996.81,5380.3,10359.4439,9339.17,6541.61,22671.26,1830.61,16173.24
2014-04-16,14417.68,5412.6,10401.9797,9173.71,6584.17,22696.01,1842.98,16262.56
2014-04-17,14417.53,5444.8,10505.7866,9317.82,6625.25,22760.24,1862.31,16424.85
2014-04-18,14516.27,5444.8,10532.8273,9409.71,6625.25,22760.24,1864.85,16408.54
2014-04-21,14512.38,5444.8,10532.8273,9409.71,6625.25,22760.24,1864.85,16408.54
2014-04-22,14388.77,5467.1,10559.35,9409.71,6681.76,22730.68,1871.89,16449.25
2014-04-23,14546.27,5502.2,10599.0169,9600.09,6674.74,22509.64,1879.55,16514.37
2014-04-24,14404.99,5515.5,10581.886,9544.19,6703.0,22562.8,1875.39,16501.65
2014-04-25,14429.26,5515.5,10575.91,9548.68,6685.69,22223.53,1878.61,16501.65
2014-04-28,14288.23,5516.1,10575.91,9548.68,6700.16,22132.53,1878.61,16501.65
2014-04-30,14304.11,5470.8,10583.649,9584.12,6780.03,22133.97,1878.33,16535.37
2014-05-01,14485.13,5430.4,10627.18,9603.23,6808.87,22133.97,1883.95,16580.84
2014-05-02,14457.51,5438.8,10629.3401,9603.23,6822.42,22260.67,1883.68,16558.87
2014-05-07,14033.45,5419.1,10568.6821,9467.53,6796.44,21746.26,1867.72,16401.02
2014-05-08,14163.78,5455.9,10626.84,9521.3,6839.25,21837.12,1878.21,16518.54
2014-05-09,14199.59,5442.0,10610.6474,9607.4,6814.57,21862.99,1875.63,16550.97
2014-05-12,14149.52,5429.0,10610.6474,9607.4,6851.75,22261.61,1875.63,16550.97
2014-05-13,14425.44,5475.4,10703.4977,9702.46,6873.08,22352.38,1896.65,16695.47
2014-05-14,14405.76,5475.9,10702.8557,9754.43,6878.49,22582.77,1897.45,16715.44
2014-05-15,14298.21,5490.2,10656.1196,9754.39,6840.89,22730.86,1888.53,16613.97
2014-05-16,14096.59,5458.9,10568.3654,9656.05,6855.81,22712.91,1870.85,16446.81
2014-05-19,14006.44,5390.3,10568.3654,9656.05,6844.55,22704.5,1870.85,16446.81
2014-05-20,14075.25,5401.7,10618.6395,9659.39,6802.0,22834.68,1885.08,16511.86
2014-05-21,14042.17,5403.9,10541.9456,9639.08,6821.04,22836.52,1872.83,16374.31
2014-05-22,14337.79,5458.1,10620.44,9697.87,6820.56,22953.76,1888.03,16533.06
2014-05-23,14462.17,5470.3,10644.5239,9720.91,6815.75,22965.86,1892.49,16543.08
2014-05-26,14602.52,5490.4,10644.5239,9720.91,6815.75,22963.18,1892.49,16543.08
2014-05-27,14636.52,5490.8,10644.5239,9892.82,6844.94,22944.3,1892.49,16543.08
2014-05-28,14670.95,5506.7,10720.62,9940.82,6851.22,23080.03,1911.91,16675.5
2014-05-29,14681.72,5499.2,10702.7315,9939.17,6871.29,23010.14,1909.78,16633.18
2014-05-30,14632.38,5473.8,10752.12,9938.9,6844.51,23081.65,1920.03,16698.74
2014-06-02,14935.92,5499.2,10752.12,9938.9,6864.1,23081.65,1920.03,16698.74
2014-06-03,15034.25,5460.5,10772.01,9950.12,6836.3,23291.04,1924.97,16743.63
2014-06-04,15067.96,5426.8,10770.3258,9919.74,6818.63,23151.71,1924.24,16722.34
2014-06-05,15079.37,5419.7,10776.78,9926.67,6813.49,23109.66,1927.88,16737.53
2014-06-06,15077.24,5443.5,10847.6877,9947.83,6858.21,22951.0,1940.46,16836.11
2014-06-09,15124.0,5443.5,10847.6877,9947.83,6875.0,23117.47,1940.46,16836.11
2014-06-10,14994.8,5448.5,10918.62,10008.63,6873.55,23315.74,1951.27,16943.1
2014-06-11,15069.48,5432.5,10914.1985,10028.8,6838.87,23257.29,1950.79,16945.92
2014-06-12,14973.53,5407.9,10872.6903,9949.81,6843.11,23175.02,1943.89,16843.88
2014-06-13,15097.84,5383.7,10825.0288,9938.7,6777.85,23319.17,1930.11,16734.19
2014-06-16,14933.29,5390.6,10825.0288,9938.7,6754.64,23300.67,1930.11,16734.19
2014-06-17,14975.97,5380.7,10863.22,9883.98,6766.77,23203.59,1937.78,16781.01
2014-06-18,15115.8,5363.9,10886.0147,9920.32,6778.56,23181.72,1941.99,16808.49
2014-06-19,15361.16,5446.4,10975.538,9930.33,6808.11,23167.73,1956.98,16906.62
2014-06-20,15349.42,5401.6,11003.0853,10004.0,6825.2,23194.06,1959.48,16921.46
2014-06-23,15369.28,5432.7,11003.0853,10004.0,6800.56,22804.81,1959.48,16921.46
2014-06-24,15376.24,5415.1,11014.09,9920.92,6787.07,22880.64,1962.61,16937.26
2014-06-25,15266.61,5386.8,10921.99,9938.08,6733.62,22866.7,1949.98,16818.13
2014-06-26,15308.49,5446.8,10962.8653,9867.75,6735.12,23197.83,1959.53,16867.51
2014-06-27,15095.0,5429.1,10949.45,9804.9,6757.77,23221.52,1957.22,16846.13
2014-06-30,15162.1,5382.0,10949.45,9804.9,6743.94,23190.72,1957.22,16846.13
2014-07-01,15326.2,5366.5,10979.425,9833.07,6802.92,23190.72,1960.23,16826.6
2014-07-02,15369.97,5441.7,11046.61,9902.41,6816.37,23549.62,1973.32,16956.07
2014-07-03,15348.29,5479.5,11050.34,9911.27,6865.21,23531.44,1974.62,16976.24
2014-07-04,15437.13,5511.8,11104.72,10029.43,6866.05,23546.36,1985.44,17068.26
2014-07-07,15379.44,5506.3,11104.72,10029.43,6823.51,23540.92,1985.44,17068.26
2014-07-08,15314.41,5498.5,11035.81,9906.07,6738.45,23541.38,1977.65,17024.21
2014-07-09,15302.65,5442.2,10963.16,9772.67,6718.04,23176.07,1963.71,16906.62
2014-07-10,15216.47,5454.3,11005.4956,9808.2,6672.37,23238.99,1972.83,16985.61
2014-07-11,15164.04,5474.6,10941.34,9659.13,6690.17,23233.45,1964.68,16915.07
2014-07-14,15296.82,5495.8,10941.34,9659.13,6746.14,23346.67,1964.68,16915.07
2014-07-15,15395.16,5495.7,10991.47,9783.01,6710.45,23459.96,1977.1,17055.42
2014-07-16,15379.3,5504.5,10965.64,9719.41,6784.67,23523.28,1973.28,17060.68
2014-07-17,15370.26,5509.9,11017.88,9859.27,6738.32,23520.87,1981.57,17138.2
2014-07-18,15215.71,5519.2,10890.44,9753.88,6749.45,23454.79,1958.12,16976.81
2014-07-22,15343.28,5534.0,10957.6682,9612.05,6795.34,23782.11,1973.63,17051.73
2014-07-23,15328.56,5567.0,11016.2423,9734.33,6798.15,23971.87,1983.53,17113.54
2014-07-24,15284.42,5576.8,11023.8987,9753.56,6821.46,24141.5,1987.01,17086.63
2014-07-25,15457.87,5574.2,11038.5601,9794.06,6791.55,24216.01,1987.98,17083.8
2014-07-28,15529.4,5569.9,11038.5601,9794.06,6788.07,24428.63,1987.98,17083.8
2014-07-29,15618.07,5580.6,10987.2363,9598.17,6807.75,24640.53,1978.91,16982.59
2014-07-30,15646.23,5615.1,10936.7,9653.63,6773.44,24732.21,1969.95,16912.11
2014-07-31,15620.77,5623.1,10929.79,9593.68,6730.11,24756.85,1970.07,16880.36
2014-08-01,15523.11,5547.6,10726.4266,9407.48,6679.18,24532.43,1930.67,16563.3
2014-08-04,15474.5,5533.3,10726.4266,9407.48,6677.52,24600.08,1930.67,16563.3
2014-08-05,15320.31,5511.5,10766.6801,9154.14,6682.48,24648.26,1938.99,16569.28
2014-08-06,15159.79,5504.0,10657.3225,9189.74,6636.16,24584.13,1920.21,16429.47
2014-08-07,15232.37,5500.7,10653.4225,9130.04,6597.37,24387.56,1920.24,16443.34
2014-08-08,14778.37,5429.6,10583.7885,9038.97,6567.36,24331.41,1909.57,16368.27
2014-08-11,15130.52,5449.4,10583.7885,9038.97,6632.82,24646.02,1909.57,16368.27
2014-08-12,15161.31,5523.1,10722.79,9180.74,6632.42,24689.41,1936.92,16569.98
2014-08-13,15213.63,5507.9,10705.78,9069.47,6656.68,24890.34,1933.75,16560.54
2014-08-14,15314.57,5542.9,10756.1794,9198.88,6685.26,24801.36,1946.72,16651.8
2014-08-15,15318.34,5559.6,10802.63,9225.1,6689.08,24954.94,1955.18,16713.58
2014-08-18,15322.6,5580.6,10802.63,9225.1,6741.25,24955.46,1955.18,16713.58
2014-08-19,15449.79,5618.4,10886.5086,9245.33,6779.31,25122.95,1971.74,16838.74
2014-08-20,15454.45,5629.2,10929.6595,9334.28,6755.48,25159.76,1981.6,16919.59
2014-08-21,15586.2,5634.0,10949.48,9314.57,6777.66,24994.1,1986.51,16979.13
2014-08-22,15539.19,5640.5,10982.8289,9401.53,6775.25,25112.23,1992.37,17039.49
2014-08-25,15613.25,5632.8,10982.8289,9401.53,6775.25,25166.91,1992.37,17039.49
2014-08-26,15521.22,5634.5,11005.36,9510.14,6822.76,25074.5,1997.92,17076.87
2014-08-27,15534.82,5648.9,11025.3679,9588.15,6830.66,24918.75,2000.02,17106.7
2014-08-28,15459.86,5621.3,11037.8902,9569.71,6805.8,24741.0,2000.12,17122.01
2014-08-29,15424.59,5624.6,11009.7016,9462.56,6819.75,24742.06,1996.74,17079.57
2014-09-01,15476.6,5629.3,11009.7016,9462.56,6825.31,24752.09,1996.74,17079.57
2014-09-02,15668.6,5629.3,11009.7016,9479.03,6829.17,24749.02,1996.74,17079.57
2014-09-03,15728.35,5654.6,11038.1216,9507.02,6873.58,25317.95,2002.28,17067.56
2014-09-04,15676.18,5654.6,11063.55,9626.49,6877.97,25297.92,2000.72,17078.28
2014-09-05,15668.68,5598.9,11030.4,9724.26,6855.1,25240.15,1997.65,17069.58
2014-09-08,15705.11,5578.9,11030.4,9724.26,6834.77,25190.45,1997.65,17069.58
2014-09-09,15749.15,5608.2,11007.3882,9758.03,6829.0,25190.45,2001.54,17111.42
2014-09-10,15788.78,5574.4,10945.6094,9710.7,6830.11,24705.36,1988.44,17013.87
2014-09-11,15909.2,5546.9,10972.214,9700.17,6799.62,24662.64,1995.69,17068.71
2014-09-12,15948.29,5532.3,10975.9874,9691.28,6806.96,24595.32,1997.45,17049.0
2014-09-16,15911.53,5446.2,10909.31,9659.63,6792.24,24136.01,1984.13,17031.14
2014-09-17,15888.67,5411.4,10980.14,9632.93,6780.9,24376.41,1998.98,17131.97
2014-09-18,16067.57,5419.0,10973.739,9661.5,6819.29,24168.72,2001.57,17156.85
2014-09-19,16321.17,5437.3,11024.0617,9798.13,6837.92,24306.16,2011.36,17265.99
2014-09-22,16205.9,5368.2,11024.0617,9798.13,6773.63,23955.49,2011.36,17265.99
2014-09-24,16167.45,5375.9,10815.4207,9595.03,6706.27,23921.61,1982.77,17055.87
2014-09-25,16374.14,5382.4,10885.6006,9661.97,6639.71,23768.13,1998.3,17210.06
2014-09-26,16229.86,5316.6,10722.21,9510.01,6649.39,23678.41,1965.99,16945.8
2014-09-29,16310.64,5269.6,10722.21,9510.01,6646.6,23229.21,1965.99,16945.8
2014-09-30,16173.52,5296.8,10749.0523,9422.91,6622.72,22932.98,1977.8,17071.22
2014-10-01,16082.25,5334.5,10702.9282,9474.3,6557.52,22932.98,1972.29,17042.9
2014-10-02,15661.99,5298.5,10571.5546,9382.03,6446.39,22932.98,1946.16,16804.71
2014-10-03,15708.65,5315.4,10555.7077,9195.68,6527.91,23064.56,1946.17,16801.05
2014-10-06,15890.95,5315.4,10555.7077,9195.68,6563.65,23315.04,1946.17,16801.05
2014-10-07,15783.83,5284.8,10647.5094,9209.51,6495.58,23422.52,1964.82,16991.91
2014-10-08,15595.98,5241.6,10484.5549,9086.21,6482.24,23263.33,1935.1,16719.39
2014-10-09,15478.93,5293.3,10645.669,8995.33,6431.85,23534.53,1968.89,16994.22
2014-10-10,15300.55,5185.7,10409.3807,9005.02,6339.97,23088.54,1928.21,16659.25
2014-10-14,14936.51,5204.0,10166.7371,8812.43,6392.68,23047.97,1874.74,16321.07
2014-10-15,15073.52,5238.0,10185.9088,8825.21,6211.64,23140.05,1877.7,16315.19
2014-10-16,14738.38,5244.3,10109.67,8571.95,6195.91,22900.94,1862.49,16141.74
2014-10-17,14532.51,5260.1,10123.73,8582.9,6310.29,23023.21,1862.76,16117.24
2014-10-20,15111.23,5307.3,10123.73,8582.9,6267.07,23053.95,1862.76,16117.24
2014-10-21,14804.28,5312.5,10327.3378,8717.76,6372.33,23088.58,1904.01,16399.67
2014-10-22,15195.77,5373.3,10500.78,8886.96,6399.73,23403.97,1941.28,16614.81
2014-10-23,15138.96,5369.9,10405.8106,8940.14,6419.15,23333.18,1927.11,16461.32
2014-10-24,15291.64,5399.3,10519.28,9047.31,6388.73,23302.2,1950.82,16677.9
2014-10-27,15388.72,5441.9,10519.28,9047.31,6388.73,23143.23,1950.82,16677.9
2014-10-28,15329.91,5434.0,10544.423,8902.61,6363.46,23520.36,1961.63,16817.94
2014-10-29,15553.91,5431.1,10677.883,9068.19,6402.17,23819.87,1985.05,17005.75
2014-10-30,15658.2,5457.1,10646.6588,9082.81,6453.87,23702.04,1982.3,16974.31
2014-10-31,16413.76,5505.0,10712.19,9114.84,6463.55,23998.06,1994.65,17195.42
2014-11-04,16862.47,5498.2,10808.67,9251.7,6487.97,23845.66,2017.81,17366.24
2014-11-05,16937.32,5492.8,10758.08,9166.47,6453.97,23695.62,2012.1,17383.84
2014-11-06,16792.48,5479.2,10824.0733,9315.48,6539.14,23649.31,2023.57,17484.53
2014-11-07,16880.38,5522.1,10843.54,9377.41,6551.15,23550.24,2031.21,17554.47
2014-11-10,16780.53,5501.4,10843.54,9377.41,6551.15,23744.7,2031.21,17554.47
2014-11-11,17124.11,5494.0,10892.5597,9351.87,6611.25,23808.28,2038.26,17613.74
2014-11-12,17197.05,5443.0,10907.53,9369.03,6627.4,23938.18,2039.68,17614.9
2014-11-13,17392.79,5423.5,10884.0298,9210.96,6611.04,24019.94,2038.25,17612.2
2014-11-14,17490.83,5433.8,10868.92,9248.51,6635.45,24087.38,2039.33,17652.79
2014-11-17,16973.8,5396.6,10868.92,9248.51,6635.45,23797.08,2039.33,17652.79
2014-11-18,17344.06,5383.1,10883.2519,9306.35,6671.97,23529.17,2041.32,17647.75
2014-11-19,17288.75,5352.5,10941.7,9456.53,6709.13,23373.31,2051.8,17687.82
2014-11-20,17300.86,5302.5,10927.48,9472.8,6696.6,23349.64,2048.72,17685.73
2014-11-21,17357.51,5292.1,10937.9737,9483.97,6678.9,23437.12,2052.75,17719.0
2014-11-25,17407.62,5320.9,11041.4193,9785.54,6729.79,23843.91,2069.41,17817.9
2014-11-26,17383.58,5380.3,11029.37,9861.21,6731.14,24111.98,2067.03,17814.94
2014-11-27,17248.5,5381.4,11047.9117,9915.56,6729.17,24004.28,2072.83,17827.75
2014-11-28,17459.85,5298.1,11047.9117,9974.87,6723.42,23987.45,2072.83,17827.75
2014-12-01,17590.1,5190.7,11047.9117,9974.87,6723.42,23367.45,2072.83,17827.75
2014-12-02,17663.22,5260.0,10888.3706,9963.51,6656.37,23654.3,2053.44,17776.8
2014-12-03,17720.43,5301.2,10940.12,9934.08,6742.1,23428.62,2066.55,17879.55
2014-12-04,17887.21,5345.4,10987.4125,9971.79,6716.63,23832.56,2074.33,17912.62
2014-12-05,17920.45,5313.6,10952.2998,9851.35,6679.37,24002.64,2071.92,17900.1
2014-12-08,17935.64,5348.9,10952.2998,9851.35,6679.37,24047.67,2071.92,17900.1
2014-12-09,17813.38,5258.3,10863.5415,10014.99,6672.15,23485.83,2060.31,17852.48
2014-12-10,17412.58,5237.1,10847.3595,9793.71,6529.47,23524.52,2059.82,17801.2
2014-12-11,17257.4,5207.4,10662.2416,9799.73,6500.04,23312.54,2026.14,17533.15
2014-12-12,17371.58,5196.9,10690.14,9862.53,6461.7,23249.2,2035.33,17596.34
2014-12-15,17099.4,5164.6,10690.14,9862.53,6461.7,23027.85,2035.33,17596.34
2014-12-16,16755.32,5131.0,10411.1783,9334.01,6182.72,22670.5,1989.63,17180.84
2014-12-17,16819.73,5140.6,10390.02,9563.89,6331.83,22585.84,1972.74,17068.87
2014-12-18,17210.05,5189.7,10603.5,9544.43,6336.48,22832.21,2012.89,17356.87
2014-12-19,17621.4,5312.7,10831.62,9811.06,6466.0,23116.63,2061.23,17778.15
2014-12-22,17635.14,5414.1,10831.62,9811.06,6466.0,23408.57,2061.23,17778.15
2014-12-24,17854.23,5369.5,10951.76,9922.11,6598.18,23349.34,2082.17,18024.17
2014-12-25,17808.75,5369.5,10955.1103,9922.11,6609.93,23349.34,2081.88,18030.21
2014-12-26,17818.96,5369.5,10955.1103,9922.11,6609.93,23349.34,2081.88,18030.21
2014-12-29,17729.84,5447.0,10955.1103,9922.11,6609.93,23773.18,2081.88,18030.21
2014-12-30,17450.77,5392.3,10988.0108,9927.13,6633.51,23501.1,2090.57,18038.23
2015-01-05,17408.71,5429.5,10988.0108,9927.13,6633.51,23721.32,2090.57,18038.23
2015-01-06,16883.19,5346.2,10607.68,9473.16,6417.16,23485.41,2020.58,17501.65
2015-01-07,16885.33,5334.5,10514.8701,9469.66,6366.51,23681.26,2002.61,17371.64
2015-01-08,17167.1,5359.4,10627.134,9518.18,6419.83,23835.53,2025.9,17584.52
2015-01-09,17197.73,5440.1,10800.55,9837.61,6569.96,23919.95,2062.14,17907.87
2015-01-13,17087.71,5382.1,10640.7396,9781.9,6501.42,24215.97,2028.26,17640.84
2015-01-14,16795.96,5332.2,10622.9626,9941.0,6542.2,24112.6,2023.03,17613.68
2015-01-15,17108.7,5310.6,10565.41,9817.08,6388.46,24350.91,2011.27,17427.09
2015-01-16,16864.16,5278.8,10514.6025,10032.61,6498.78,24103.52,1992.67,17320.71
2015-01-19,17014.29,5289.0,10514.6025,10032.61,6498.78,23738.49,1992.67,17320.71
2015-01-20,17366.3,5286.8,10514.6025,10242.35,6585.53,23951.16,1992.67,17320.71
2015-01-21,17280.48,5367.4,10658.62,10257.13,6620.1,24352.58,2022.55,17515.23
2015-01-22,17329.02,5390.5,10720.4,10299.23,6728.04,24522.63,2032.12,17554.28
2015-01-23,17511.75,5468.2,10859.345,10435.62,6796.63,24850.45,2063.15,17813.98
2015-01-26,17468.52,5468.2,10859.345,10435.62,6796.63,24909.9,2063.15,17813.98
2015-01-27,17768.3,5511.5,10847.15,10798.33,6852.4,24807.28,2057.09,17678.7
2015-01-28,17795.73,5516.6,10781.8328,10628.58,6811.61,24861.81,2029.55,17387.21
2015-01-29,17606.22,5532.2,10603.8639,10710.97,6825.94,24595.85,2002.16,17191.37
2015-01-30,17674.39,5551.6,10691.6341,10737.87,6810.6,24507.05,2021.25,17416.85
2015-02-02,17558.04,5586.5,10691.6341,10737.87,6810.6,24484.74,2021.25,17416.85
2015-02-03,17335.85,5666.2,10669.03,10828.01,6782.55,24554.78,2020.85,17361.04
2015-02-04,17678.74,5733.7,10847.41,10890.95,6871.8,24679.76,2050.03,17666.4
2015-02-05,17504.62,5765.5,10775.0444,10911.32,6860.02,24765.49,2041.51,17673.02
2015-02-06,17648.5,5774.7,10896.06,10905.41,6865.93,24679.39,2062.52,17884.88
2015-02-09,17711.93,5770.1,10896.06,10905.41,6865.93,24521.0,2062.52,17884.88
2015-02-10,17652.68,5757.4,10826.59,10663.51,6837.15,24528.1,2046.74,17729.21
2015-02-12,17979.72,5707.7,10889.0545,10752.11,6818.17,24422.15,2068.53,17862.14
2015-02-13,17913.36,5835.5,10995.3105,10919.65,6828.11,24682.54,2088.48,17972.38
2015-02-16,18004.77,5849.5,10995.3105,10919.65,6828.11,24726.53,2088.48,17972.38
2015-02-17,17987.09,5822.3,10995.3105,10923.23,6857.05,24784.88,2088.48,17972.38
2015-02-18,18199.17,5877.9,11054.4652,10895.62,6898.13,24832.08,2100.34,18047.58
2015-02-19,18264.79,5869.8,11064.09,10961.0,6898.08,24832.08,2099.68,18029.85
2015-02-20,18332.3,5845.6,11038.26,11001.94,6888.9,24832.08,2097.45,17985.77
2015-02-23,18466.92,5872.4,11038.26,11001.94,6888.9,24836.76,2097.45,17985.77
2015-02-24,18603.48,5890.0,11074.58,11130.92,6912.16,24750.07,2109.66,18116.84
2015-02-25,18585.2,5908.6,11122.11,11205.74,6949.63,24778.28,2115.48,18209.19
2015-02-26,18785.79,5877.9,11117.9337,11210.27,6935.38,24902.06,2113.86,18224.57
2015-02-27,18797.94,5898.5,11082.1,11327.19,6949.73,24823.29,2110.74,18214.42
2015-03-02,18826.88,5926.3,11082.1,11327.19,6949.73,24887.44,2110.74,18214.42
2015-03-03,18815.16,5902.9,11102.8215,11410.36,6940.64,24702.78,2117.39,18288.63
2015-03-04,18703.6,5871.5,11051.22,11280.36,6889.13,24465.38,2107.78,18203.37
2015-03-05,18751.84,5873.7,11004.6787,11390.38,6919.24,24193.04,2098.53,18096.9
2015-03-06,18971.0,5868.6,11014.2606,11504.01,6961.14,24164.0,2101.04,18135.72
2015-03-09,18790.55,5793.0,11014.2606,11504.01,6961.14,24123.05,2101.04,18135.72
2015-03-10,18665.11,5794.3,10866.62,11582.11,6876.47,23896.98,2079.43,17995.72
2015-03-11,18723.52,5763.3,10678.41,11500.38,6702.84,23717.97,2044.16,17662.94
2015-03-12,18991.11,5816.0,10678.76,11805.99,6721.51,23797.96,2040.24,17635.39
2015-03-13,19254.25,5788.0,10820.87,11799.39,6761.07,23823.21,2065.95,17895.22
2015-03-16,19246.06,5769.7,10820.87,11799.39,6761.07,23949.55,2065.95,17895.22
2015-03-17,19437.0,5811.0,10881.18,12167.72,6804.08,23901.49,2081.19,17977.42
2015-03-18,19544.48,5808.0,10862.43,11980.85,6837.61,24120.08,2074.28,17849.08
2015-03-19,19476.56,5912.5,11019.7156,11922.77,6945.2,24468.89,2099.5,18076.19
2015-03-20,19560.22,5936.3,10931.3645,11899.4,6962.32,24375.24,2089.27,17959.03
2015-03-23,19754.36,5921.0,10931.3645,11899.4,6962.32,24494.51,2089.27,17959.03
2015-03-24,19713.45,5934.5,11070.8919,11895.84,7037.67,24399.6,2104.42,18116.04
2015-03-25,19746.2,5937.1,11019.75,12005.69,7019.68,24528.23,2091.5,18011.14
2015-03-26,19471.12,5849.7,10897.5091,11865.32,6990.97,24497.08,2061.05,17718.54
2015-03-27,19285.63,5888.9,10865.1515,11843.68,6895.33,24486.2,2056.15,17678.23
2015-03-30,19411.4,5816.3,10865.1515,11843.68,6891.43,24855.12,2056.15,17678.23
2015-03-31,19206.99,5861.9,10989.1597,12086.01,6773.04,24900.89,2086.24,17976.31
2015-04-01,19034.84,5832.9,10899.1868,11966.17,6809.5,25082.75,2067.89,17776.12
2015-04-02,19312.79,5869.7,10891.61,12001.38,6833.46,25275.64,2059.69,17698.18
2015-04-03,19435.08,5869.7,10953.16,11967.39,6833.46,25275.64,2066.96,17763.24
2015-04-06,19397.98,5869.7,10953.16,11967.39,6833.46,25275.64,2066.96,17763.24
2015-04-07,19640.54,5893.2,11033.1201,11967.39,6961.77,25275.64,2080.62,17880.85
2015-04-08,19789.81,5928.3,11013.24,12123.52,6937.41,26236.86,2076.33,17875.42
2015-04-09,19937.72,5901.5,11032.9884,12035.86,7015.36,26944.39,2081.9,17902.51
2015-04-10,19907.63,5935.4,11065.3889,12166.44,7089.77,27272.39,2091.18,17958.73
2015-04-13,19905.46,5928.1,11065.3889,12166.44,7064.3,28016.34,2091.18,17958.73
2015-04-14,19908.68,5916.2,11056.76,12338.73,7075.26,27561.49,2092.43,17977.04
2015-04-15,19869.76,5877.3,11108.0727,12227.6,7096.78,27618.82,2095.84,18036.7
2015-04-16,19885.77,5917.6,11171.0626,12231.34,7060.45,27739.71,2106.63,18112.61
2015-04-17,19652.88,5851.5,11169.75,11998.86,6994.63,27653.12,2104.99,18105.77
2015-04-20,19634.49,5806.8,11169.75,11998.86,7052.13,27094.93,2104.99,18105.77
2015-04-21,19909.09,5844.0,11116.57,11891.91,7062.93,27850.49,2100.4,18034.93
2015-04-22,20133.9,5812.8,11100.3795,11939.58,7028.24,27933.85,2097.29,17949.59
2015-04-23,20187.65,5820.3,11144.45,11867.37,7053.67,27827.7,2107.96,18038.27
2015-04-24,20020.04,5906.8,11191.4817,11723.58,7070.7,28060.98,2112.93,18058.69
2015-04-27,19983.32,5954.8,11191.4817,11723.58,7103.98,28433.59,2112.93,18058.69
2015-04-28,20058.95,5921.5,11167.3123,12039.16,7030.53,28442.75,2108.92,18037.97
2015-04-30,19520.01,5773.7,11154.11,11432.72,6960.63,28133.0,2106.85,18035.53
2015-05-01,19531.63,5798.8,11049.74,11454.38,6985.95,28133.0,2085.51,17840.52
2015-05-07,19291.99,5644.8,11015.9875,11350.15,6886.95,27289.97,2080.15,17841.98
2015-05-08,19379.19,5635.4,11036.4,11407.97,7046.82,27577.34,2088.0,17924.06
2015-05-11,19620.91,5627.6,11036.4,11407.97,7029.85,27718.2,2088.0,17924.06
2015-05-12,19624.84,5673.1,11140.74,11673.35,6933.8,27407.18,2105.33,18105.17
2015-05-13,19764.72,5710.8,11113.1725,11472.41,6949.63,27249.28,2099.12,18068.23
2015-05-14,19570.24,5692.5,11117.0015,11351.46,6973.04,27286.55,2098.48,18060.49
2015-05-15,19732.92,5730.0,11207.33,11559.82,6960.49,27822.28,2121.1,18252.24
2015-05-18,19890.27,5660.0,11207.33,11559.82,6968.87,27591.25,2121.1,18252.24
2015-05-19,20026.38,5619.4,11227.89,11594.28,6995.1,27693.54,2129.2,18298.88
2015-05-20,20196.56,5614.0,11213.1457,11853.33,7007.26,27585.05,2127.83,18312.39
2015-05-21,20202.87,5663.6,11210.24,11848.47,7013.47,27523.72,2125.85,18285.4
2015-05-22,20264.41,5668.2,11239.6631,11864.59,7031.72,27992.83,2130.82,18285.74
2015-05-25,20413.77,5719.9,11239.6631,11864.59,7031.72,27992.83,2130.82,18285.74
2015-05-26,20437.48,5770.4,11239.6631,11864.59,6948.99,28249.86,2130.82,18285.74
2015-05-27,20472.58,5724.2,11065.3173,11625.13,7033.33,28081.21,2104.2,18041.54
2015-05-28,20551.46,5714.6,11143.35,11771.13,7040.92,27454.31,2123.48,18162.99
2015-05-29,20563.15,5774.9,11132.7429,11677.57,6984.43,27424.19,2120.79,18126.12
2015-06-01,20569.87,5734.0,11132.7429,11677.57,6953.58,27597.16,2120.79,18126.12
2015-06-02,20543.19,5639.9,11061.6803,11436.05,6928.27,27466.72,2111.73,18040.37
2015-06-03,20473.51,5588.3,11080.89,11328.8,6950.46,27657.47,2109.6,18011.94
2015-06-04,20488.19,5511.3,11107.93,11419.62,6859.24,27551.89,2114.07,18076.27
2015-06-05,20460.9,5506.5,11000.39,11340.6,6804.6,27260.16,2095.84,17905.58
2015-06-08,20457.19,5506.5,11000.39,11340.6,6790.04,27316.28,2095.84,17905.58
2015-06-09,20096.3,5479.7,10917.8205,11064.92,6753.8,26989.52,2079.28,17766.55
2015-06-10,20046.36,5486.0,10915.64,11001.29,6830.27,26687.64,2080.15,17764.04
2015-06-11,20382.97,5562.6,11057.9911,11265.39,6846.74,26907.85,2105.2,18000.4
2015-06-12,20407.08,5552.1,11080.51,11332.78,6784.92,27280.54,2108.86,18039.37
2015-06-15,20387.79,5541.5,11080.51,11332.78,6710.52,26861.81,2108.86,18039.37
2015-06-16,20257.94,5535.2,10949.5425,10984.97,6710.1,26566.7,2084.43,17791.17
2015-06-17,20219.27,5590.3,10997.66,11044.01,6680.55,26753.79,2096.29,17904.48
2015-06-18,19990.82,5522.7,11013.6592,10978.01,6707.88,26694.66,2100.44,17935.74
2015-06-19,20174.24,5591.5,11100.47,11100.3,6710.45,26760.53,2121.24,18115.84
2015-06-22,20428.19,5603.1,11100.47,11100.3,6825.67,27080.85,2121.24,18115.84
2015-06-23,20809.42,5671.4,11129.6076,11460.5,6834.87,27333.46,2122.85,18119.78
2015-06-24,20868.03,5672.7,11149.3588,11542.54,6844.8,27404.97,2124.2,18144.07
2015-06-25,20771.4,5619.9,11066.1392,11471.26,6807.82,27145.75,2108.58,17966.07
2015-06-26,20706.15,5536.1,11035.73,11473.13,6753.7,26663.87,2102.31,17890.36
2015-06-29,20109.95,5416.6,11035.73,11473.13,6620.48,25966.98,2102.31,17890.36
2015-06-30,20235.73,5451.2,10790.3348,11083.2,6520.98,26250.03,2057.64,17596.35
2015-07-01,20329.32,5506.0,10805.2,10944.97,6608.59,26250.03,2063.11,17619.51
2015-07-02,20522.5,5587.9,10858.9918,11180.5,6630.47,26282.32,2077.42,17757.91
2015-07-03,20539.79,5528.0,10864.8206,11099.35,6585.78,26064.11,2076.78,17730.11
2015-07-06,20112.12,5463.3,10864.8206,11099.35,6535.68,25236.28,2076.78,17730.11
2015-07-07,20376.59,5564.0,10782.6773,10890.63,6432.21,24975.31,2068.76,17683.58
2015-07-08,19737.64,5456.5,10829.3243,10676.78,6490.7,23516.56,2081.34,17776.91
2015-07-09,19855.5,5456.3,10636.8035,10747.3,6581.63,24392.79,2046.68,17515.42
2015-07-10,19779.83,5478.1,10689.5059,10996.41,6673.38,24901.28,2051.31,17548.62
2015-07-13,20089.77,5460.4,10689.5059,10996.41,6737.95,25224.01,2051.31,17548.62
2015-07-14,20385.33,5561.9,10944.8465,11484.38,6753.75,25120.91,2099.6,17977.68
2015-07-15,20463.33,5619.0,10993.2586,11516.9,6753.75,25055.76,2108.95,18053.58
2015-07-16,20600.12,5649.8,10958.8304,11539.66,6796.45,25162.78,2107.4,18050.17
2015-07-17,20650.92,5652.5,11024.8715,11716.76,6775.08,25415.27,2124.29,18120.25
2015-07-21,20841.97,5688.5,10969.4855,11735.72,6769.07,25536.43,2128.28,18100.41
2015-07-22,20593.67,5603.5,10918.9992,11604.8,6667.34,25282.62,2119.21,17919.29
2015-07-23,20683.95,5581.3,10899.8613,11520.67,6655.01,25398.85,2114.15,17851.04
2015-07-24,20544.53,5556.8,10840.7338,11512.11,6579.81,25128.51,2102.15,17731.92
2015-07-27,20350.1,5579.2,10840.7338,11512.11,6505.13,24351.96,2102.15,17731.92
2015-07-28,20328.89,5571.0,10656.6099,11056.4,6555.28,24503.94,2067.64,17440.59
2015-07-29,20302.91,5609.6,10790.1771,11173.91,6631.0,24619.45,2067.64,17630.27
2015-07-30,20522.83,5653.1,10883.9126,11211.85,6668.87,24497.98,2108.57,17751.39
2015-07-31,20585.24,5681.7,10881.7489,11257.15,6696.28,24636.28,2108.63,17745.98
2015-08-03,20548.11,5664.3,10881.7489,11257.15,6688.62,24411.42,2108.63,17745.98
2015-08-04,20520.36,5681.9,10841.2608,11443.72,6686.57,24406.12,2098.04,17598.2
2015-08-05,20614.06,5659.5,10824.6968,11456.07,6752.41,24514.16,2093.32,17550.69
2015-08-06,20664.44,5600.1,10847.85,11636.3,6747.09,24375.28,2099.84,17540.47
2015-08-07,20724.56,5472.3,10799.44,11585.1,6718.49,24552.47,2083.56,17419.75
2015-08-10,20808.69,5504.9,10799.44,11585.1,6736.22,24521.12,2083.56,17419.75
2015-08-11,20720.75,5473.1,10906.047,11604.78,6664.54,24498.21,2104.18,17615.17
2015-08-12,20392.77,5383.5,10802.0915,11293.65,6571.19,23916.02,2084.07,17402.84
2015-08-13,20595.55,5389.0,10779.4604,10924.61,6568.33,24018.8,2086.05,17402.51
2015-08-14,20519.45,5360.0,10745.3123,11014.63,6550.74,23991.03,2083.39,17408.25
2015-08-17,20620.26,5368.6,10745.3123,11014.63,6550.3,23814.65,2083.39,17408.25
2015-08-18,20554.47,5309.4,10818.5711,10940.33,6526.29,23474.97,2102.44,17545.18
2015-08-19,20222.63,5379.8,10792.7981,10915.92,6403.45,23167.85,2096.92,17511.34
2015-08-20,20033.52,5295.5,10687.03,10682.15,6367.89,22757.47,2079.61,17348.73
2015-08-21,19435.83,5224.8,10475.7369,10432.19,6187.65,22409.62,2035.73,16990.69
2015-08-24,18540.68,5014.2,10475.7369,10432.19,5898.87,21251.57,2035.73,16990.69
2015-08-25,17806.7,5143.8,9789.9361,9648.43,6081.34,21404.96,1893.21,15871.28
2015-08-26,18376.83,5178.9,9692.3781,10128.12,5979.2,21080.39,1867.62,15666.44
2015-08-27,18574.44,5242.6,9979.6665,9997.43,6192.03,21838.54,1940.51,16285.51
2015-08-28,19136.32,5274.7,10230.5099,10315.62,6247.94,21612.39,1987.66,16654.77
2015-08-31,18890.48,5222.1,10230.5099,10315.62,6247.94,21670.58,1987.66,16654.77
2015-09-01,18165.69,5117.1,10176.4993,10259.46,6058.54,21185.43,1972.18,16528.03
2015-09-02,18095.4,5119.4,9874.6718,10015.57,6083.31,20934.94,1913.85,16058.35
2015-09-03,18182.39,5048.7,10013.3628,10048.05,6194.1,20934.94,1948.86,16351.38
2015-09-04,17792.16,5060.8,10049.2955,10317.84,6042.92,20840.61,1951.13,16374.76
2015-09-07,17860.47,5051.0,10049.2955,10317.84,6074.52,20583.52,1951.13,16374.76
2015-09-08,17427.08,5133.5,10049.2955,10108.61,6146.1,21259.04,1951.13,16374.76
2015-09-09,18770.51,5236.9,10109.6792,10271.36,6229.01,22131.31,1969.41,16492.68
2015-09-10,18299.62,5117.0,9988.9056,10303.12,6155.81,21562.5,1942.04,16253.57
2015-09-11,18264.22,5096.3,10019.4201,10210.44,6117.76,21504.37,1952.29,16330.4
2015-09-14,17965.7,5120.5,10019.4201,10210.44,6084.59,21561.9,1952.29,16330.4
2015-09-15,18026.48,5046.6,9988.5909,10131.74,6137.6,21455.23,1953.03,16370.96
2015-09-16,18171.6,5123.6,10105.8693,10188.13,6229.21,21966.66,1978.09,16599.85
2015-09-17,18432.27,5171.2,10236.7189,10227.21,6186.99,21854.63,1995.31,16739.95
2015-09-18,18070.21,5194.3,10215.543,10229.58,6104.11,21920.83,1990.2,16674.74
2015-09-24,17571.83,5102.3,9867.9087,9612.62,5961.49,21095.98,1938.76,16279.89
2015-09-25,17880.51,5076.7,9837.8139,9427.64,6109.01,21186.32,1932.24,16201.32
2015-09-28,17645.11,5145.1,9837.8139,9427.64,5958.86,21186.32,1932.24,16201.32
2015-09-29,16930.84,4958.1,9601.4242,9483.55,5909.24,20556.6,1881.77,16001.89
2015-09-30,17388.15,5058.6,9622.0797,9450.4,6061.61,20846.3,1884.09,16049.13
2015-10-01,17722.42,5144.1,9799.6896,9660.44,6072.47,20846.3,1920.03,16284.7
2015-10-02,17725.13,5089.2,9820.9454,9509.25,6129.98,21506.09,1923.82,16272.01
2015-10-05,18005.49,5184.1,9820.9454,9509.25,6298.92,21854.5,1923.82,16272.01
2015-10-06,18186.1,5199.0,10167.9385,9814.79,6326.16,21831.62,1987.05,16776.43
2015-10-07,18322.98,5228.4,10156.3796,9902.83,6336.35,22515.76,1979.92,16790.19
2015-10-08,18141.17,5241.4,10258.5309,9970.4,6374.82,22354.91,1995.83,16912.29
2015-10-09,18438.67,5309.2,10361.0613,9993.07,6416.16,22458.8,2013.43,17050.75
2015-10-13,18234.74,5234.6,10356.4854,10119.83,6342.28,22600.46,2017.46,17131.86
2015-10-14,17891.0,5230.4,10262.9528,10032.82,6269.61,22439.91,2003.69,17081.89
2015-10-15,18096.9,5265.6,10229.6738,9915.85,6338.67,22888.17,1994.24,16924.75
2015-10-16,18291.8,5303.7,10378.2777,10064.8,6378.04,23067.37,2023.86,17141.75
2015-10-19,18131.23,5304.6,10378.2777,10064.8,6352.33,23075.61,2023.86,17141.75
2015-10-20,18207.15,5271.6,10391.6051,10164.31,6345.13,22989.22,2033.66,17230.54
2015-10-21,18554.28,5286.5,10383.4179,10147.68,6348.42,22989.22,2030.77,17217.11
2015-10-22,18435.87,5299.6,10306.4422,10238.1,6376.28,22845.37,2018.94,17168.61
2015-10-23,18825.3,5388.1,10448.8383,10491.97,6444.08,23151.94,2052.51,17489.16
2015-10-26,18947.12,5386.3,10448.8383,10491.97,6444.08,23116.25,2052.51,17489.16
2015-10-27,18777.04,5384.6,10464.6223,10801.34,6417.02,23142.73,2071.18,17623.05
2015-10-28,18903.02,5374.4,10400.1786,10692.19,6365.27,22956.57,2065.89,17581.43
2015-10-29,18935.71,5310.2,10538.2064,10831.96,6437.8,22819.94,2090.35,17779.52
2015-10-30,19083.1,5288.6,10498.1639,10800.84,6395.8,22640.04,2089.41,17755.8
2015-11-02,18683.24,5221.3,10498.1639,10800.84,6395.8,22370.04,2089.41,17755.8
2015-11-04,18926.91,5294.8,10609.9205,10951.15,6383.61,23053.57,2109.79,17918.15
2015-11-05,19116.41,5247.9,10563.9681,10845.24,6412.88,23051.04,2102.31,17867.58
2015-11-06,19265.6,5269.7,10548.3802,10887.74,6364.9,22867.33,2099.93,17863.43
2015-11-09,19642.74,5180.3,10548.3802,10887.74,6364.9,22726.77,2099.93,17863.43
2015-11-10,19671.26,5157.7,10415.1884,10815.45,6295.16,22401.7,2078.58,17730.48
2015-11-11,19691.39,5181.1,10432.3501,10832.52,6275.28,22352.17,2081.72,17758.21
2015-11-12,19697.77,5182.2,10399.9224,10907.87,6297.2,22888.92,2075.0,17702.22
2015-11-13,19596.91,5111.8,10235.96,10782.63,6178.68,22396.14,2045.97,17448.07
2015-11-16,19393.69,5064.5,10235.96,10782.63,6178.68,22010.82,2045.97,17448.07
2015-11-17,19630.63,5174.3,10299.4073,10713.23,6146.38,22264.25,2053.19,17483.01
2015-11-18,19649.18,5189.1,10285.7582,10971.04,6268.76,22188.26,2050.44,17489.5
2015-11-19,19859.81,5293.3,10429.6055,10959.95,6278.97,22500.22,2083.58,17737.16
2015-11-20,19879.81,5305.5,10431.4691,11085.44,6329.93,22754.72,2081.24,17732.75
2015-11-24,19924.89,5277.0,10421.4329,11092.31,6305.49,22587.63,2086.59,17792.68
2015-11-25,19847.58,5245.2,10449.7387,10933.99,6277.23,22498.0,2089.14,17812.19
2015-11-26,19944.41,5259.7,10450.36,11169.54,6337.64,22488.94,2088.87,17813.39
2015-11-27,19883.94,5251.4,10450.36,11320.77,6393.13,22068.32,2088.87,17813.39
2015-11-30,19747.47,5218.2,10450.36,11320.77,6393.13,21996.42,2088.87,17813.39
2015-12-01,20012.4,5312.6,10409.5877,11382.23,6356.09,22381.35,2080.41,17719.92
2015-12-02,19938.13,5304.7,10519.5946,11261.24,6395.65,22479.69,2102.63,17888.35
2015-12-03,19939.9,5276.7,10389.2043,11190.02,6420.93,22417.01,2079.51,17729.68
2015-12-04,19504.48,5201.5,10257.3824,10789.24,6275.0,22235.89,2049.62,17477.67
2015-12-07,19698.15,5205.9,10257.3824,10789.24,6275.0,22203.22,2049.62,17477.67
2015-12-08,19492.6,5158.0,10304.53,10886.09,6223.52,21905.13,2077.07,17730.51
2015-12-09,19301.07,5129.9,10198.3719,10673.6,6135.22,21803.76,2063.59,17568.0
2015-12-10,19046.55,5087.5,10162.3657,10592.49,6126.68,21704.61,2047.62,17492.3
2015-12-11,19230.48,5078.6,10172.0422,10598.93,6088.05,21464.05,2052.23,17574.75
2015-12-14,18883.42,4981.9,10172.0422,10598.93,6088.05,21309.85,2052.23,17574.75
2015-12-15,18565.9,4963.9,9986.7582,10139.34,5874.06,21274.37,2021.94,17368.5
2015-12-16,19049.91,5078.7,10110.9399,10450.38,6017.79,21701.21,2043.41,17524.91
2015-12-17,19353.56,5150.6,10267.8299,10469.26,6061.19,21872.06,2073.07,17749.09
2015-12-18,18986.8,5156.5,10112.6341,10469.26,6061.19,21755.56,2041.89,17495.84
2015-12-21,18916.02,5157.8,10112.6341,10469.26,6061.19,21791.68,2041.89,17495.84
2015-12-22,18886.7,5167.7,10023.0275,10497.77,6034.84,21830.02,2021.15,17251.62
2015-12-24,18789.69,5256.1,10276.2804,10727.64,6240.98,22138.13,2064.29,17602.61
2015-12-25,18769.06,5256.1,10258.5478,10727.64,6254.64,22138.13,2060.99,17552.17
2015-12-28,18873.35,5256.1,10258.5478,10727.64,6254.64,21919.62,2060.99,17552.17
2015-12-29,18982.23,5315.6,10217.4,10653.91,6254.64,21999.62,2056.5,17528.27
2015-12-30,19033.71,5366.4,10306.6,10860.14,6314.57,21882.15,2078.36,17720.98
2016-01-04,18450.98,5322.8,10306.6,10860.14,6314.57,21327.12,2078.36,17720.98
2016-01-05,18374.0,5239.2,10001.5731,10283.44,6093.43,21188.72,2012.66,17148.94
2016-01-06,18191.32,5178.0,10028.06,10310.1,6137.24,20980.81,2016.71,17158.66
2016-01-07,17767.34,5068.8,9868.2583,10214.02,6073.38,20333.34,1990.26,16906.51
2016-01-08,17697.96,5049.4,9650.4213,9979.85,5954.08,20453.71,1943.09,16514.1
2016-01-12,17218.96,4982.2,9527.6616,9825.07,5871.83,19711.76,1923.67,16398.57
2016-01-13,17715.63,5041.6,9576.52,9985.43,5929.24,19934.88,1938.68,16516.22
2016-01-14,17240.95,4964.1,9374.2294,9960.96,5960.97,19817.41,1890.28,16151.41
2016-01-15,17147.11,4948.5,9516.5486,9794.2,5918.23,19520.77,1921.84,16379.05
2016-01-18,16955.57,4911.8,9516.5486,9794.2,5918.23,19237.45,1921.84,16379.05
2016-01-19,17048.37,4955.1,9516.5486,9521.85,5779.92,19635.81,1921.84,16379.05
2016-01-20,16416.19,4896.9,9301.7544,9664.21,5876.8,18886.3,1881.33,16016.02
2016-01-21,16017.26,4917.6,9156.8476,9391.64,5673.58,18542.15,1859.33,15766.74
2016-01-22,16958.53,4969.6,9226.5807,9574.16,5773.79,19080.51,1868.99,15882.68
2016-01-25,17110.91,5057.1,9226.5807,9574.16,5773.79,19340.14,1868.99,15882.68
2016-01-26,16708.9,5057.1,9262.9904,9736.15,5877.0,18860.8,1877.08,15885.22
2016-01-27,17163.92,5000.8,9429.1145,9822.75,5911.46,19052.45,1903.63,16167.23
2016-01-28,17041.45,5028.1,9373.7829,9880.82,5990.37,19195.83,1882.95,15944.46
2016-01-29,17518.3,5056.6,9397.7944,9639.59,5931.78,19683.11,1893.36,16069.64
2016-02-01,17865.23,5094.3,9397.7944,9639.59,5931.78,19595.5,1893.36,16069.64
2016-02-02,17750.68,5044.0,9616.6964,9757.88,6060.1,19446.84,1939.38,16449.18
2016-02-03,17191.25,4930.8,9413.792,9581.04,5922.01,18991.59,1903.03,16153.54
2016-02-04,17044.99,5029.3,9495.2179,9434.82,5837.14,19183.09,1912.53,16336.66
2016-02-05,16819.59,5025.6,9534.3065,9393.36,5898.76,19288.17,1915.45,16416.58
2016-02-08,17004.3,5022.1,9534.3065,9393.36,5898.76,19288.17,1915.45,16416.58
2016-02-09,16085.44,4882.6,9231.3437,8979.36,5689.36,19288.17,1853.44,16027.05
2016-02-10,15713.39,4826.5,9187.7981,8879.4,5632.19,19288.17,1852.21,16014.38
2016-02-12,14952.61,4816.6,9029.8791,8752.87,5536.97,18319.58,1829.08,15660.18
2016-02-15,16022.58,4893.4,9029.8791,8752.87,5536.97,18918.14,1829.08,15660.18
2016-02-16,16054.43,4961.6,9029.8791,9206.84,5824.28,19122.08,1829.08,15660.18
2016-02-17,15836.36,4938.4,9375.3993,9135.11,5862.17,18924.57,1895.58,16196.41
2016-02-18,16196.8,5047.1,9532.2841,9377.21,6030.32,19363.08,1926.82,16453.83
2016-02-19,15967.17,5008.3,9504.9787,9463.64,5971.95,19285.5,1917.83,16413.43
2016-02-22,16111.05,5056.6,9504.9787,9463.64,5971.95,19464.09,1917.83,16413.43
2016-02-23,16052.05,5039.1,9616.319,9573.59,6037.73,19414.78,1945.5,16620.66
2016-02-24,15915.79,4943.3,9494.3205,9416.77,5962.31,19192.45,1921.27,16431.78
2016-02-25,16140.34,4944.7,9506.0721,9167.8,5867.18,18888.75,1929.8,16484.99
2016-02-26,16188.41,4945.1,9625.279,9331.48,6012.81,19364.15,1951.7,16697.29
2016-02-29,16026.76,4947.9,9625.279,9331.48,6012.81,19111.93,1951.7,16697.29
2016-03-01,16085.51,4989.6,9559.5316,9495.4,6097.09,19407.46,1932.23,16516.5
2016-03-02,16746.55,5083.5,9771.0008,9717.16,6152.88,20003.49,1978.35,16865.08
2016-03-03,16960.16,5142.2,9837.5888,9776.62,6147.06,19941.76,1986.45,16899.32
2016-03-04,17014.78,5151.1,9907.9654,9751.92,6130.46,20176.7,1993.4,16943.9
2016-03-07,16911.32,5204.7,9907.9654,9751.92,6130.46,20159.72,1993.4,16943.9
2016-03-08,16783.15,5169.5,10006.193,9778.93,6182.4,20011.58,2001.76,17073.95
2016-03-09,16642.2,5215.7,9868.5203,9692.82,6125.44,19996.26,1979.26,16964.1
2016-03-10,16852.35,5210.9,9924.8192,9723.09,6146.32,19984.42,1989.26,17000.36
2016-03-11,16938.87,5224.8,9918.0758,9498.15,6036.7,20199.6,1989.57,16995.13
2016-03-14,17233.75,5242.4,9918.0758,9498.15,6036.7,20435.34,1989.57,16995.13
2016-03-15,17117.07,5168.6,10074.2658,9990.26,6174.57,20288.77,2019.64,17229.13
2016-03-16,16974.45,5175.7,10013.6,9933.85,6139.97,20257.7,2015.93,17251.53
2016-03-17,16936.38,5226.4,10084.1725,9983.41,6175.49,20503.81,2027.22,17325.76
2016-03-18,16724.81,5239.3,10190.4017,9892.2,6201.12,20671.63,2040.59,17481.49
2016-03-22,17048.55,5230.8,10219.6919,9948.64,6184.58,20666.75,2051.6,17623.87
2016-03-23,17000.98,5204.3,10194.1899,9990.0,6192.74,20615.23,2049.8,17582.57
2016-03-24,16892.33,5151.6,10099.6811,10022.93,6199.11,20345.61,2036.71,17502.59
2016-03-25,17002.75,5151.6,10086.6034,9851.35,6106.48,20345.61,2035.94,17515.73
2016-03-28,17134.37,5151.6,10086.6034,9851.35,6106.48,20345.61,2035.94,17515.73
2016-03-29,17103.53,5076.2,10106.4458,9851.35,6105.9,20366.3,2037.05,17535.39
2016-03-30,16878.96,5081.5,10190.4036,9887.94,6203.17,20803.39,2055.01,17633.11
2016-03-31,16758.67,5151.8,10236.9517,10046.61,6174.9,20776.7,2063.95,17716.66
2016-04-01,16164.16,5073.8,10207.3666,9965.51,6146.05,20498.92,2059.74,17685.09
2016-04-04,16123.27,5070.1,10207.3666,9965.51,6164.72,20498.92,2059.74,17685.09
2016-04-05,15732.82,5000.4,10182.9943,9822.08,6091.23,20177.0,2066.13,17737.0
2016-04-06,15715.36,5024.6,10061.0734,9563.36,6161.63,20206.67,2045.17,17603.32
2016-04-07,15749.84,5042.3,10159.8484,9624.51,6136.89,20266.05,2066.66,17716.05
2016-04-08,15821.52,5018.0,10045.1495,9530.62,6204.41,20370.4,2041.91,17541.96
2016-04-11,15751.13,5013.2,10045.1495,9530.62,6200.12,20440.81,2041.91,17541.96
2016-04-12,15928.79,5053.7,10114.578,9682.99,6242.39,20504.44,2041.99,17556.41
2016-04-13,16381.22,5127.2,10238.6862,9761.47,6362.89,21158.71,2061.72,17721.25
2016-04-14,16911.05,5187.7,10359.5075,10026.1,6365.1,21337.81,2082.42,17908.28
2016-04-15,16848.03,5224.1,10360.2478,10093.65,6343.75,21316.47,2082.78,17926.43
2016-04-18,16275.95,5204.9,10360.2478,10093.65,6353.52,21161.5,2082.78,17926.43
2016-04-19,16874.44,5254.7,10424.9272,10120.31,6405.35,21436.21,2094.34,18004.16
2016-04-20,16906.54,5281.2,10517.2991,10349.59,6410.26,21236.31,2100.8,18053.6
2016-04-21,17363.62,5336.4,10527.7929,10421.29,6381.44,21622.25,2102.4,18096.27
2016-04-22,17572.49,5299.2,10454.8215,10435.73,6310.44,21467.04,2091.48,17982.52
2016-04-25,17439.3,5299.2,10454.8215,10435.73,6260.92,21304.44,2091.48,17982.52
2016-04-26,17353.28,5283.6,10465.6485,10294.35,6284.52,21407.27,2087.79,17977.24
2016-04-27,17290.49,5250.9,10522.5718,10259.59,6319.91,21361.6,2091.7,17990.32
2016-04-28,16666.05,5289.4,10571.8287,10299.83,6322.4,21388.03,2095.15,18041.55
2016-05-02,16147.38,5312.0,10571.8287,10299.83,6322.4,21388.03,2095.15,18041.55
2016-05-06,16106.72,5358.6,10281.3156,9851.86,6125.7,20109.87,2050.63,17660.71
2016-05-09,16216.03,5387.8,10281.3156,9851.86,6114.81,20156.81,2050.63,17660.71
2016-05-10,16565.19,5403.9,10291.5898,9980.49,6156.65,20242.68,2058.69,17705.91
2016-05-11,16579.01,5434.8,10424.0993,10045.44,6162.49,20055.29,2084.39,17928.35
2016-05-12,16646.34,5423.4,10332.2363,9975.32,6104.19,19915.46,2064.46,17711.12
2016-05-13,16412.21,5396.3,10334.3689,9862.12,6138.5,19719.29,2064.11,17720.5
2016-05-16,16466.4,5420.3,10334.3689,9862.12,6151.4,19883.95,2064.11,17720.5
2016-05-17,16652.8,5458.5,10332.4261,9862.12,6167.77,20118.8,2066.66,17710.71
2016-05-18,16644.69,5420.5,10257.6102,9890.19,6165.8,19826.41,2047.21,17529.98
2016-05-19,16646.66,5385.6,10239.6501,9943.23,6053.35,19694.33,2047.63,17526.62
2016-05-20,16736.35,5415.2,10192.5015,9795.89,6156.32,19852.2,2040.04,17435.4
2016-05-23,16654.6,5384.9,10192.5015,9795.89,6136.43,19809.03,2040.04,17435.4
2016-05-24,16498.76,5361.9,10226.5155,9842.29,6219.26,19830.43,2048.04,17492.93
2016-05-25,16757.35,5436.8,10353.5799,10057.31,6262.85,20368.05,2076.06,17706.05
2016-05-26,16772.46,5451.9,10446.5777,10205.21,6265.65,20397.11,2090.54,17851.51
2016-05-27,16834.84,5469.7,10439.6043,10272.71,6270.79,20576.77,2090.1,17828.29
2016-05-30,17068.02,5473.6,10439.6043,10272.71,6270.79,20629.39,2090.1,17828.29
2016-05-31,17234.98,5447.8,10439.6043,10333.23,6230.79,20815.09,2090.1,17828.29
2016-06-01,16955.73,5395.2,10440.9988,10262.74,6191.93,20760.98,2096.96,17787.2
2016-06-02,16562.55,5354.2,10454.93,10204.44,6185.61,20859.22,2099.33,17789.67
2016-06-03,16642.23,5392.5,10487.5823,10208.0,6209.63,20947.24,2105.26,17838.56
2016-06-06,16580.03,5431.0,10487.5823,10208.0,6273.4,21030.22,2105.26,17838.56
2016-06-07,16675.45,5441.0,10554.8211,10208.0,6284.53,21328.24,2109.41,17920.33
2016-06-08,16830.92,5441.1,10599.2175,10208.0,6301.52,21297.88,2112.13,17938.28
2016-06-09,16668.41,5437.4,10638.3611,10208.0,6231.89,21297.88,2119.12,18005.05
2016-06-10,16601.36,5391.6,10589.82,10088.87,6115.76,21042.64,2115.48,17985.19
2016-06-13,16019.18,5391.6,10589.82,10088.87,6044.97,20512.99,2115.48,17985.19
2016-06-14,15859.0,5282.5,10349.18,9657.44,5923.53,20387.53,2079.06,17732.48
2016-06-15,15919.58,5230.4,10294.5856,9519.2,5966.8,20467.52,2075.32,17674.82
2016-06-16,15434.14,5231.7,10297.1588,9606.71,5950.48,20038.42,2071.5,17640.17
2016-06-17,15599.66,5248.3,10322.84,9550.47,6021.09,20169.98,2077.99,17733.1
2016-06-20,15965.3,5335.6,10322.84,9550.47,6204.0,20510.2,2077.99,17733.1
2016-06-21,16169.11,5353.3,10450.0288,9962.02,6226.55,20668.44,2083.25,17804.87
2016-06-22,16065.72,5349.5,10490.78,10015.54,6261.19,20795.12,2088.9,17829.73
2016-06-23,16238.35,5358.6,10473.0578,10071.06,6338.1,20868.34,2085.45,17780.83
2016-06-24,14952.02,5192.8,10641.1686,10257.03,6138.69,20259.13,2113.32,18011.07
2016-06-27,15309.21,5216.2,10641.1686,10257.03,5982.2,20227.3,2113.32,18011.07
2016-06-28,15323.14,5179.7,9973.54,9268.66,6140.39,20172.46,2000.54,17140.24
2016-06-29,15566.83,5221.0,10161.16,9447.28,6360.06,20436.12,2036.09,17409.72
2016-06-30,15575.92,5310.4,10350.5329,9612.27,6504.33,20794.37,2070.77,17694.68
2016-07-01,15682.48,5327.0,10489.7556,9680.09,6577.83,20794.37,2098.86,17929.99
2016-07-04,15775.8,5365.2,10489.7556,9680.09,6522.26,21059.2,2098.86,17929.99
2016-07-05,15669.33,5312.8,10489.7556,9709.09,6545.37,20750.72,2098.86,17929.99
2016-07-06,15378.99,5284.7,10409.5382,9532.61,6463.59,20495.29,2088.55,17840.62
2016-07-07,15276.24,5311.0,10441.5838,9373.26,6533.79,20706.92,2099.73,17918.62
2016-07-08,15106.98,5315.6,10413.9719,9418.78,6590.64,20564.17,2097.9,17895.88
2016-07-11,15708.82,5417.5,10413.9719,9418.78,6682.86,20880.5,2097.9,17895.88
2016-07-12,16095.65,5433.2,10627.2,9833.41,6680.69,21224.74,2137.16,18226.93
2016-07-13,16231.43,5470.3,10726.7854,9964.07,6670.4,21322.37,2152.14,18347.67
2016-07-14,16385.89,5491.8,10734.2007,9930.71,6654.47,21561.06,2152.43,18372.12
2016-07-15,16497.85,5510.1,10786.6291,10068.3,6669.24,21659.25,2163.75,18506.41
2016-07-19,16723.31,5533.9,10793.17,10063.13,6697.37,21673.2,2166.89,18533.05
2016-07-20,16681.89,5565.9,10758.5365,9981.24,6728.99,21882.48,2163.78,18559.01
2016-07-21,16810.22,5588.7,10793.1,10142.01,6699.89,22000.49,2173.02,18595.03
2016-07-22,16627.25,5574.3,10758.6184,10156.21,6730.48,21964.27,2165.17,18517.23
2016-07-25,16620.29,5607.5,10758.6184,10156.21,6710.13,21993.44,2165.17,18517.23
2016-07-26,16383.04,5612.6,10752.4329,10198.24,6724.03,22129.73,2168.48,18493.06
2016-07-27,16664.82,5615.0,10772.99,10247.76,6750.43,22218.99,2169.18,18473.75
2016-07-28,16476.84,5636.7,10739.7659,10319.55,6721.06,22174.34,2166.58,18472.17
2016-07-29,16569.27,5644.0,10744.1608,10274.93,6724.43,21891.37,2170.06,18456.35
2016-08-01,16635.77,5670.1,10744.1608,10274.93,6693.95,22129.14,2170.06,18456.35
2016-08-02,16391.45,5622.1,10730.198,10330.52,6645.4,22129.14,2170.84,18404.51
2016-08-03,16083.11,5551.4,10661.13,10144.34,6634.4,21739.12,2157.03,18313.77
2016-08-04,16254.89,5563.4,10695.1386,10170.21,6740.16,21832.23,2163.79,18355.0
2016-08-05,16254.45,5585.6,10707.128,10227.86,6793.47,22146.09,2164.25,18352.05
2016-08-08,16650.57,5625.7,10707.128,10227.86,6809.13,22494.76,2164.25,18352.05
2016-08-09,16764.97,5636.7,10788.0134,10432.36,6851.3,22465.61,2180.89,18529.29
2016-08-10,16735.12,5628.2,10804.5077,10692.9,6866.42,22492.43,2181.74,18533.05
2016-08-12,16919.92,5626.3,10836.1494,10742.84,6916.02,22766.91,2185.79,18613.52
2016-08-15,16869.56,5633.8,10836.1494,10742.84,6941.19,22932.51,2185.79,18613.52
2016-08-16,16596.51,5625.7,10858.4952,10739.21,6893.92,22910.84,2190.15,18636.05
2016-08-17,16745.64,5628.1,10809.7394,10676.65,6859.15,22799.78,2178.15,18552.02
2016-08-18,16486.01,5607.3,10824.6381,10537.67,6868.96,23023.16,2182.22,18573.94
2016-08-19,16545.82,5625.4,10863.01,10603.03,6858.95,22937.22,2187.02,18597.7
2016-08-22,16598.19,5612.3,10863.01,10603.03,6828.54,22997.91,2187.02,18597.7
2016-08-23,16497.36,5647.1,10815.9225,10494.35,6868.51,22998.93,2182.64,18529.42
2016-08-24,16597.3,5653.6,10847.49,10592.88,6835.78,22820.78,2186.9,18547.3
2016-08-25,16555.95,5631.4,10791.1808,10622.97,6816.9,22826.87,2175.44,18481.48
2016-08-26,16360.71,5607.4,10784.3667,10529.59,6838.05,22909.54,2172.47,18448.41
2016-08-29,16737.49,5561.5,10784.3667,10529.59,6838.05,22821.34,2172.47,18448.41
2016-08-30,16725.36,5573.5,10811.3456,10544.44,6820.79,23016.11,2180.38,18502.99
2016-08-31,16887.4,5529.4,10797.5396,10657.64,6781.51,22976.88,2176.12,18454.3
2016-09-01,16926.84,5511.2,10764.7492,10592.69,6745.97,23162.34,2170.95,18400.88
2016-09-02,16925.68,5470.6,10771.9265,10534.31,6894.6,23266.7,2170.86,18419.3
2016-09-05,17037.63,5524.4,10771.9265,10534.31,6879.42,23649.55,2170.86,18419.3
2016-09-06,17081.98,5510.4,10771.9265,10672.22,6826.05,23787.68,2170.86,18419.3
2016-09-07,17012.44,5521.1,10890.79,10687.14,6846.58,23741.81,2186.48,18538.12
2016-09-08,16958.77,5484.6,10890.1759,10752.98,6858.7,23919.34,2186.16,18526.14
2016-09-09,16965.76,5440.5,10882.33,10675.29,6776.95,24099.7,2181.3,18479.91
2016-09-12,16672.92,5319.1,10882.33,10675.29,6700.9,23290.6,2181.3,18479.91
2016-09-13,16729.04,5310.0,10741.2379,10431.77,6665.63,23215.76,2159.04,18325.07
2016-09-14,16614.24,5326.6,10535.36,10386.6,6673.31,23190.64,2127.02,18066.75
2016-09-15,16405.01,5337.1,10511.4,10378.4,6730.3,23335.59,2125.77,18034.77
2016-09-16,16519.29,5396.7,10602.9446,10431.2,6710.28,23335.59,2147.26,18212.48
2016-09-20,16492.15,5397.3,10564.3024,10373.87,6830.79,23530.86,2139.12,18120.17
2016-09-21,16807.62,5429.4,10560.26,10393.86,6834.77,23669.9,2139.76,18129.96
2016-09-23,16754.02,5518.6,10793.6561,10674.18,6909.43,23686.48,2177.18,18392.46
2016-09-26,16544.56,5519.1,10793.6561,10674.18,6818.04,23317.92,2177.18,18392.46
2016-09-27,16683.93,5493.7,10624.8832,10393.71,6807.67,23571.9,2146.1,18094.83
2016-09-28,16465.4,5500.2,10665.3363,10361.48,6849.38,23619.65,2159.93,18228.3
2016-09-29,16693.71,5558.2,10753.4472,10438.34,6919.42,23739.47,2171.37,18339.24
2016-09-30,16449.84,5525.2,10643.516,10405.54,6899.33,23297.15,2151.13,18143.45
2016-10-03,16598.67,5564.8,10643.516,10405.54,6983.52,23584.43,2151.13,18143.45
2016-10-04,16735.65,5569.9,10690.7744,10405.54,7074.34,23689.44,2161.2,18253.85
2016-10-05,16819.24,5537.0,10629.1514,10619.61,7033.25,23788.31,2150.49,18168.45
2016-10-06,16899.1,5564.8,10683.9426,10585.78,6999.96,23952.5,2159.73,18281.03
2016-10-07,16860.09,5548.5,10675.7378,10568.8,7044.39,23851.82,2160.77,18268.5
2016-10-11,17024.76,5562.2,10682.67,10624.08,7070.88,23549.52,2163.66,18329.04
2016-10-12,16840.0,5555.2,10548.0003,10577.16,7024.01,23407.05,2136.73,18128.66
2016-10-13,16774.24,5518.3,10560.2669,10523.07,6977.74,23031.3,2139.18,18144.2
2016-10-14,16856.37,5518.5,10522.9446,10414.07,7013.55,23233.31,2132.55,18098.94
2016-10-17,16900.12,5470.9,10522.9446,10414.07,6947.55,23037.54,2132.55,18098.94
2016-10-18,16963.61,5492.0,10492.8577,10503.57,7000.06,23394.39,2126.5,18086.4
2016-10-19,16998.91,5518.4,10567.8091,10631.55,7021.92,23304.97,2139.6,18161.94
2016-10-20,17235.5,5526.2,10600.92,10645.68,7026.9,23374.4,2144.29,18202.62
2016-10-21,17184.59,5513.9,10597.3645,10701.39,7020.47,23374.4,2141.34,18162.35
2016-10-24,17234.42,5489.1,10597.3645,10701.39,6986.4,23604.08,2141.34,18162.35
2016-10-25,17365.25,5523.3,10591.3028,10761.17,7017.64,23565.11,2151.33,18223.03
2016-10-26,17391.84,5442.1,10550.1852,10757.31,6958.09,23325.43,2143.16,18169.27
2016-10-27,17336.42,5378.4,10528.1899,10709.68,6986.57,23132.35,2139.43,18199.33
2016-10-28,17446.41,5370.9,10503.0562,10717.08,6996.26,22954.81,2133.04,18169.68
2016-10-31,17425.02,5402.4,10503.0562,10717.08,6996.26,22934.54,2133.04,18169.68
2016-11-01,17442.4,5375.2,10481.888,10665.01,6954.22,23147.07,2126.15,18142.42
2016-11-02,17134.68,5311.0,10414.0517,10526.16,6917.14,22810.5,2111.72,18037.1
2016-11-04,16905.36,5263.1,10307.6375,10325.88,6790.51,22642.62,2088.66,17930.67
2016-11-07,17177.21,5330.9,10307.6375,10325.88,6790.51,22801.4,2088.66,17930.67
2016-11-08,17171.38,5342.2,10500.1574,10456.95,6806.9,22909.47,2131.52,18259.6
2016-11-09,16251.54,5238.3,10530.5644,10482.32,6843.13,22415.19,2139.56,18332.74
2016-11-10,17344.42,5408.9,10643.4081,10646.01,6911.84,22839.11,2163.26,18589.69
2016-11-11,17374.79,5446.6,10683.4084,10630.12,6827.98,22531.09,2167.48,18807.88
2016-11-14,17672.62,5420.3,10683.4084,10630.12,6827.98,22222.22,2167.48,18807.88
2016-11-15,17668.15,5399.8,10679.7673,10693.69,6753.18,22323.91,2164.2,18868.69
2016-11-16,17862.21,5399.6,10745.5109,10735.14,6792.74,22280.53,2180.39,18923.06
2016-11-17,17862.63,5408.9,10699.4307,10663.87,6749.72,22262.88,2176.94,18868.14
2016-11-18,17967.41,5427.5,10740.0823,10685.54,6794.71,22344.21,2187.12,18903.82
2016-11-21,18106.02,5419.3,10740.0823,10685.54,6794.71,22357.78,2187.12,18903.82
2016-11-22,18162.94,5480.6,10791.8397,10685.13,6777.96,22678.07,2198.18,18956.69
2016-11-24,18333.41,5549.0,10835.903,10662.44,6817.71,22608.49,2204.72,19083.18
2016-11-25,18381.22,5570.5,10835.903,10689.26,6829.2,22723.45,2204.72,19083.18
2016-11-28,18356.89,5532.6,10835.903,10689.26,6829.2,22830.57,2204.72,19083.18
2016-11-29,18307.04,5520.5,10808.6329,10582.67,6799.47,22737.07,2201.72,19097.9
2016-11-30,18308.48,5502.4,10817.6968,10620.49,6772.0,22789.77,2204.66,19121.6
2016-12-01,18513.12,5560.4,10838.46,10640.3,6783.79,22878.23,2198.81,19123.58
2016-12-02,18426.08,5502.6,10828.9882,10534.05,6752.93,22564.82,2191.08,19191.93
2016-12-05,18274.99,5458.0,10828.9882,10534.05,6752.93,22505.55,2191.08,19191.93
2016-12-06,18360.54,5486.6,10910.8981,10684.83,6746.83,22675.15,2204.71,19216.24
2016-12-07,18496.69,5535.4,10970.7814,10775.32,6779.84,22800.92,2212.23,19251.78
2016-12-08,18765.47,5599.0,11114.6124,10986.69,6902.23,22861.84,2241.35,19549.62
2016-12-09,18996.37,5615.8,11149.9617,11179.42,6931.55,22760.98,2246.19,19614.81
2016-12-12,19155.03,5619.1,11149.9617,11179.42,6931.55,22433.02,2246.19,19614.81
2016-12-13,19250.52,5600.7,11177.28,11190.21,6890.42,22446.7,2256.96,19796.43
2016-12-14,19253.61,5639.7,11237.17,11284.65,6968.57,22456.62,2271.72,19911.21
2016-12-15,19273.79,5595.0,11098.6664,11244.84,6949.19,22059.4,2253.28,19792.53
2016-12-16,19401.15,5589.7,11131.8907,11366.4,6999.01,22020.75,2262.03,19852.24
2016-12-19,19391.6,5612.8,11131.8907,11366.4,6999.01,21832.68,2262.03,19852.24
2016-12-20,19494.53,5640.0,11128.54,11426.7,7017.16,21729.06,2262.53,19883.06
2016-12-21,19444.49,5662.0,11172.19,11464.74,7043.96,21809.8,2270.76,19974.62
2016-12-22,19427.67,5691.8,11142.5673,11468.64,7041.42,21636.2,2265.18,19941.96
2016-12-26,19396.64,5691.8,11142.5673,11468.64,7041.42,21636.2,2265.18,19941.96
2016-12-27,19403.06,5691.8,11142.5673,11468.64,7041.42,21636.2,2265.18,19941.96
2016-12-28,19401.72,5732.4,11146.3956,11472.24,7041.42,21754.74,2268.88,19945.04
2016-12-29,19145.14,5746.7,11058.8798,11474.99,7106.08,21790.91,2249.92,19833.68
2016-12-30,19114.37,5719.1,11074.33,11451.05,7120.26,22000.56,2249.26,19819.78
2017-01-04,19594.16,5788.2,11154.35,11584.24,7177.89,22134.47,2257.83,19881.76
2017-01-05,19520.69,5805.1,11246.54,11584.31,7189.74,22456.69,2270.75,19942.16
2017-01-06,19454.33,5809.0,11247.69,11584.94,7195.31,22503.01,2269.0,19899.29
2017-01-10,19301.44,5813.0,11169.7872,11563.99,7237.77,22744.85,2268.9,19887.38
2017-01-11,19364.67,5823.7,11183.3294,11583.3,7275.47,22935.35,2268.9,19855.53
2017-01-12,19134.7,5821.6,11226.78,11646.17,7290.49,22829.02,2275.32,19954.28
2017-01-13,19287.28,5776.8,11204.1457,11521.04,7292.37,22937.38,2270.44,19891.0
2017-01-16,19095.24,5803.0,11204.1457,11521.04,7292.37,22718.15,2270.44,19891.0
2017-01-17,18813.53,5754.7,11204.1457,11554.71,7327.13,22840.97,2270.44,19891.0
2017-01-18,18894.37,5733.7,11196.29,11540.0,7220.38,23098.26,2267.89,19826.77
2017-01-19,19072.25,5745.4,11196.1,11599.39,7247.61,23049.96,2271.89,19804.72
2017-01-20,19137.91,5709.7,11148.85,11596.89,7208.44,22885.91,2263.69,19732.4
2017-01-23,18891.03,5668.0,11148.85,11596.89,7208.44,22898.52,2263.69,19732.4
2017-01-24,18787.99,5706.3,11170.62,11545.75,7151.18,22949.86,2265.2,19799.85
2017-01-25,19057.5,5726.0,11249.28,11594.94,7150.34,23049.12,2280.07,19912.71
2017-01-26,19402.39,5726.0,11339.05,11806.05,7164.43,23374.17,2298.37,20068.51
2017-01-27,19467.4,5765.6,11313.12,11848.63,7161.49,23360.78,2296.68,20100.91
2017-01-30,19368.85,5714.3,11313.12,11848.63,7161.49,23360.78,2296.68,20100.91
2017-01-31,19041.34,5675.0,11205.241,11681.89,7118.48,23360.78,2280.9,19971.13
2017-02-01,19148.08,5704.0,11222.9572,11535.31,7099.15,23318.39,2278.87,19864.09
2017-02-02,18914.58,5696.4,11207.2433,11659.5,7107.65,23184.52,2279.55,19890.94
2017-02-03,18918.2,5672.5,11215.3852,11627.95,7140.75,23129.21,2280.85,19884.91
2017-02-06,18976.71,5665.4,11215.3852,11627.95,7140.75,23348.24,2280.85,19884.91
2017-02-07,18910.78,5672.6,11264.114,11509.84,7172.15,23331.57,2292.56,20052.42
2017-02-08,19007.6,5703.4,11243.38,11549.44,7186.22,23485.13,2293.08,20090.29
2017-02-09,18907.67,5717.7,11251.8,11543.38,7188.82,23525.14,2294.67,20054.34
2017-02-10,19378.93,5771.6,11327.6786,11642.86,7229.5,23574.98,2307.87,20172.4
2017-02-13,19459.15,5812.9,11327.6786,11642.86,7229.5,23710.98,2307.87,20172.4
2017-02-14,19238.98,5810.9,11433.9339,11774.43,7278.92,23703.01,2328.25,20412.16
2017-02-15,19437.98,5859.1,11468.87,11771.81,7268.56,23994.87,2337.58,20504.41
2017-02-16,19347.53,5863.0,11514.4013,11793.93,7302.41,24107.7,2349.25,20611.86
2017-02-17,19234.62,5851.0,11504.19,11757.24,7277.92,24033.74,2347.22,20619.77
2017-02-20,19251.08,5840.5,11504.19,11757.24,7277.92,24146.08,2347.22,20619.77
2017-02-21,19381.44,5835.4,11504.19,11827.62,7299.86,23963.63,2347.22,20619.77
2017-02-22,19379.87,5850.1,11578.25,11967.49,7274.83,24201.96,2365.38,20743.0
2017-02-23,19371.46,5832.5,11550.18,11998.59,7302.25,24114.86,2362.82,20775.6
2017-02-24,19283.54,5786.9,11556.154,11947.83,7271.37,23965.7,2363.81,20810.32
2017-02-27,19107.47,5773.8,11556.154,11947.83,7271.37,23925.05,2363.81,20810.32
2017-02-28,19118.99,5761.0,11558.35,11822.67,7253.0,23740.73,2369.75,20837.44
2017-03-01,19393.54,5750.9,11512.39,11834.41,7263.44,23776.49,2363.64,20812.24
2017-03-02,19564.8,5820.7,11661.2224,12067.19,7382.9,23728.07,2395.96,21115.55
2017-03-03,19469.17,5775.4,11575.91,12059.57,7382.35,23552.72,2381.92,21002.97
2017-03-06,19379.14,5788.5,11575.91,12059.57,7382.35,23596.28,2381.92,21002.97
2017-03-07,19344.15,5801.9,11547.7926,11958.4,7350.12,23681.07,2375.31,20954.34
2017-03-08,19254.03,5799.5,11506.32,11966.14,7338.99,23782.27,2368.39,20924.76
2017-03-09,19318.58,5780.5,11448.21,11967.31,7334.61,23501.56,2362.98,20855.73
2017-03-10,19604.61,5811.2,11457.64,11978.39,7314.96,23568.67,2364.87,20858.19
2017-03-13,19633.75,5794.6,11457.64,11978.39,7314.96,23829.67,2364.87,20858.19
2017-03-14,19609.5,5798.1,11519.4407,11990.03,7367.08,23827.95,2373.47,20881.48
2017-03-15,19577.38,5813.7,11459.29,11988.79,7357.85,23792.85,2365.45,20837.37
2017-03-16,19590.14,5827.5,11590.31,12009.87,7368.64,24288.28,2385.26,20950.1
2017-03-17,19521.59,5840.8,11600.23,12083.18,7415.95,24309.93,2381.38,20934.55
2017-03-21,19455.88,5819.5,11556.9339,12052.9,7429.81,24593.12,2373.47,20905.86
2017-03-22,19041.38,5732.0,11420.4254,11962.13,7378.34,24320.41,2344.02,20668.01
2017-03-23,19085.31,5754.0,11426.6901,11904.12,7324.72,24327.7,2348.45,20661.3
2017-03-24,19262.53,5796.1,11430.8949,12039.68,7340.71,24358.27,2345.96,20656.58
2017-03-27,18985.59,5789.2,11430.8949,12039.68,7293.5,24193.7,2345.96,20656.58
2017-03-28,19202.87,5860.4,11414.3293,11996.07,7343.42,24345.87,2341.59,20550.98
2017-03-29,19217.48,5910.7,11493.8362,12149.42,7373.72,24392.05,2358.57,20701.5
2017-03-30,19063.22,5931.8,11496.6653,12203.0,7369.52,24301.09,2361.13,20659.32
2017-03-31,18909.26,5903.8,11519.84,12256.43,7322.92,24111.59,2368.06,20728.49
2017-04-03,18983.23,5909.7,11519.84,12256.43,7282.69,24261.48,2368.06,20728.49
2017-04-04,18810.25,5895.8,11463.9103,12257.2,7321.82,24261.48,2358.84,20650.21
2017-04-05,18861.27,5915.9,11470.535,12282.34,7331.68,24400.8,2360.16,20689.24
2017-04-06,18597.06,5897.3,11423.3597,12217.54,7303.2,24273.72,2352.95,20648.15
2017-04-07,18664.63,5902.6,11457.2905,12230.89,7349.37,24267.3,2357.49,20662.95
2017-04-10,18797.88,5948.9,11457.2905,12230.89,7348.94,24262.18,2357.49,20662.95
2017-04-11,18747.87,5964.6,11464.3411,12200.52,7365.5,24088.46,2357.16,20658.02
2017-04-12,18552.61,5968.9,11473.6193,12139.35,7348.99,24313.5,2353.78,20651.3
2017-04-13,18426.84,5925.9,11423.17,12154.7,7327.59,24261.66,2344.93,20591.86
2017-04-14,18335.63,5925.9,11324.5286,12109.0,7327.59,24261.66,2328.95,20453.25
2017-04-17,18355.26,5925.9,11324.5286,12109.0,7327.59,24261.66,2328.95,20453.25
2017-04-18,18418.59,5868.7,11427.077,12109.0,7147.5,23924.54,2349.01,20636.92
2017-04-19,18432.2,5839.9,11378.5777,12000.44,7114.36,23825.88,2342.19,20523.28
2017-04-20,18430.49,5854.4,11342.421,12016.45,7118.54,24056.98,2338.17,20404.49
2017-04-21,18620.75,5885.6,11426.914,12027.32,7114.55,24042.02,2355.84,20578.71
2017-04-24,18875.88,5900.7,11426.914,12027.32,7264.68,24139.48,2355.84,20578.71
2017-04-25,19079.33,5900.7,11531.79,12454.98,7275.64,24455.94,2374.15,20763.89
2017-04-26,19289.43,5936.8,11603.28,12467.04,7288.72,24578.43,2388.61,20996.12
2017-04-27,19251.87,5944.4,11592.9093,12472.8,7237.17,24698.48,2387.45,20975.09
2017-04-28,19196.74,5947.6,11578.516,12443.79,7203.94,24615.13,2388.77,20981.33
2017-05-01,19310.52,5976.4,11578.516,12443.79,7203.94,24615.13,2388.77,20981.33
2017-05-02,19445.7,5971.4,11536.4899,12443.79,7250.05,24696.13,2388.33,20913.46
2017-05-08,19895.7,5897.8,11536.4899,12443.79,7300.86,24577.91,2388.33,20913.46
2017-05-09,19843.0,5874.5,11595.2591,12694.55,7342.21,24889.03,2399.38,21012.28
2017-05-10,19900.09,5911.1,11567.5188,12749.12,7385.24,25015.42,2396.92,20975.78
2017-05-11,19961.55,5912.0,11598.985,12757.46,7386.63,25125.55,2399.63,20943.11
2017-05-12,19883.9,5870.9,11563.6014,12711.06,7435.39,25156.34,2394.44,20919.42
2017-05-15,19869.85,5868.4,11563.6014,12711.06,7454.37,25371.59,2394.44,20919.42
2017-05-16,19919.82,5882.2,11614.2317,12807.04,7522.03,25335.94,2402.32,20981.94
2017-05-17,19814.88,5821.2,11606.4862,12804.53,7503.47,25293.63,2400.67,20979.75
2017-05-18,19553.86,5775.5,11423.53,12631.61,7436.42,25136.52,2357.03,20606.93
2017-05-19,19590.76,5768.9,11434.0649,12590.06,7470.71,25174.87,2365.72,20663.02
2017-05-22,19678.28,5811.2,11434.0649,12590.06,7496.34,25391.34,2365.72,20663.02
2017-05-23,19613.28,5802.8,11585.2072,12619.46,7485.29,25403.15,2394.02,20894.83
2017-05-24,19742.98,5811.5,11604.62,12659.15,7514.9,25428.5,2398.42,20937.91
2017-05-25,19813.13,5828.8,11621.2321,12642.87,7517.71,25630.78,2404.39,21012.42
2017-05-26,19686.84,5792.1,11639.3032,12621.72,7547.63,25639.27,2415.07,21082.95
2017-05-29,19682.57,5747.7,11639.3032,12621.72,7547.63,25701.63,2415.07,21082.95
2017-05-30,19677.85,5756.0,11639.3032,12628.95,7526.51,25701.63,2415.07,21082.95
2017-05-31,19650.57,5761.3,11601.31,12598.68,7519.95,25660.65,2412.91,21029.47
2017-06-01,19860.03,5772.5,11598.0319,12615.06,7543.77,25809.22,2411.8,21008.65
2017-06-02,20177.28,5821.1,11699.79,12664.92,7547.63,25924.05,2430.06,21144.18
2017-06-05,20170.82,5792.1,11699.79,12664.92,7525.76,25862.99,2430.06,21144.18
2017-06-06,19979.9,5708.1,11693.68,12664.92,7524.95,25997.14,2436.1,21184.04
2017-06-07,19984.62,5707.8,11671.46,12690.12,7478.62,25974.16,2429.33,21136.23
2017-06-08,19909.26,5714.8,11667.7306,12672.49,7449.98,26063.06,2433.14,21173.69
2017-06-09,20013.26,5715.5,11678.95,12713.58,7527.33,26030.29,2433.79,21182.53
2017-06-12,19908.58,5715.5,11678.95,12713.58,7511.87,25708.04,2433.79,21182.53
2017-06-13,19898.75,5801.8,11746.4626,12690.44,7500.44,25852.1,2429.39,21235.67
2017-06-14,19883.52,5862.2,11796.79,12764.98,7474.4,25875.9,2440.35,21328.47
2017-06-15,19831.82,5796.7,11779.8093,12805.95,7419.36,25565.34,2437.92,21374.56
2017-06-16,19943.26,5808.0,11740.52,12691.81,7463.54,25626.49,2432.46,21359.9
2017-06-19,20067.75,5835.5,11740.52,12691.81,7523.81,25924.55,2432.46,21359.9
2017-06-20,20230.41,5792.3,11833.3411,12888.95,7472.71,25843.04,2453.46,21528.99
2017-06-21,20138.79,5703.2,11738.95,12814.79,7447.79,25694.58,2437.03,21467.14
2017-06-22,20110.51,5742.3,11696.28,12774.26,7439.29,25674.53,2435.61,21410.03
2017-06-23,20132.67,5754.6,11712.5191,12794.0,7424.13,25670.05,2434.5,21397.29
2017-06-26,20153.35,5758.4,11712.5191,12794.0,7446.8,25871.89,2434.5,21397.29
2017-06-27,20225.09,5752.5,11758.8603,12770.83,7434.36,25839.99,2439.07,21409.55
2017-06-28,20130.41,5796.1,11716.9209,12671.02,7387.8,25683.5,2419.38,21310.66
2017-06-29,20220.3,5855.9,11812.8,12647.27,7350.32,25965.42,2440.69,21454.61
2017-06-30,20033.43,5764.0,11739.98,12416.19,7312.72,25764.58,2419.7,21287.03
2017-07-03,20055.8,5727.5,11739.98,12416.19,7377.09,25784.17,2419.7,21287.03
2017-07-04,20032.35,5819.6,11835.72,12475.31,7357.23,25389.01,2429.01,21479.27
2017-07-05,20081.63,5801.0,11835.72,12437.13,7367.6,25521.97,2429.01,21479.27
2017-07-06,19994.06,5797.5,11809.49,12453.68,7337.28,25465.22,2432.54,21478.17
2017-07-07,19929.09,5743.9,11702.43,12381.25,7350.92,25340.85,2409.75,21320.04
2017-07-10,20080.98,5762.9,11702.43,12381.25,7370.03,25500.06,2409.75,21320.04
2017-07-11,20195.48,5768.5,11751.7899,12445.92,7329.76,25877.64,2427.43,21408.52
2017-07-12,20098.38,5717.7,11744.77,12437.02,7416.93,26043.64,2425.53,21409.07
2017-07-13,20099.81,5779.1,11825.8968,12626.58,7413.44,26346.17,2443.25,21532.14
2017-07-14,20118.86,5808.7,11844.6226,12641.33,7378.39,26389.23,2447.83,21553.09
2017-07-18,19999.91,5738.1,11890.51,12587.16,7390.22,26524.94,2459.14,21629.72
2017-07-19,20020.86,5779.4,11877.4169,12430.39,7430.91,26672.16,2460.61,21574.73
2017-07-20,20144.59,5805.7,11941.34,12452.05,7487.87,26740.21,2473.83,21640.75
2017-07-21,20099.75,5771.2,11944.4948,12447.25,7452.91,26706.09,2473.45,21611.78
2017-07-24,19975.67,5738.0,11944.4948,12447.25,7377.73,26846.83,2473.45,21611.78
2017-07-25,19955.2,5775.3,11904.7111,12208.95,7434.82,26852.05,2469.91,21513.17
2017-07-26,20050.16,5823.3,11965.72,12264.31,7452.32,26941.02,2477.13,21613.43
2017-07-27,20079.64,5832.2,11964.91,12305.11,7443.01,27131.17,2477.83,21711.01
2017-07-28,19959.84,5755.2,11963.2288,12212.04,7368.37,26979.39,2475.42,21796.55
2017-07-31,19925.18,5773.9,11963.2288,12212.04,7372.0,27323.99,2475.42,21796.55
2017-08-01,19985.79,5820.6,11967.6682,12118.25,7423.66,27540.23,2470.3,21891.12
2017-08-02,20080.04,5794.5,12000.02,12251.29,7411.43,27607.38,2476.35,21963.92
2017-08-03,20029.26,5786.8,11979.37,12181.48,7474.77,27531.01,2477.57,22016.24
2017-08-04,19952.33,5773.3,11956.5162,12154.72,7511.71,27562.68,2472.16,22026.1
2017-08-07,20055.89,5824.5,11956.5162,12154.72,7531.94,27690.36,2472.16,22026.1
2017-08-08,19996.01,5795.7,11987.7739,12257.17,7542.73,27854.91,2480.91,22118.42
2017-08-09,19738.71,5816.4,11949.97,12292.05,7498.06,27757.09,2474.92,22085.34
2017-08-10,19729.74,5810.6,11929.4645,12154.0,7389.94,27444.0,2474.02,22048.7
2017-08-14,19537.1,5778.6,11929.4645,12154.0,7353.89,27250.23,2474.02,22048.7
2017-08-15,19753.31,5804.0,11856.06,12165.12,7383.85,27174.96,2465.84,21993.71
2017-08-16,19729.28,5830.8,11843.48,12177.04,7433.03,27409.07,2464.61,21998.99
2017-08-17,19702.63,5827.2,11868.85,12263.86,7387.87,27344.22,2468.11,22024.87
2017-08-18,19470.41,5798.5,11712.7155,12203.46,7323.98,27047.57,2430.01,21750.73
2017-08-21,19393.13,5780.0,11712.7155,12203.46,7318.88,27154.68,2430.01,21750.73
2017-08-22,19383.84,5804.8,11719.2665,12065.99,7381.74,27401.67,2428.37,21703.75
2017-08-23,19434.64,5792.7,11805.29,12229.34,7382.65,27401.67,2452.51,21899.89
2017-08-24,19353.77,5801.7,11785.9221,12174.3,7407.06,27518.6,2444.04,21812.09
2017-08-25,19452.61,5803.4,11773.8,12180.83,7401.46,27848.16,2438.97,21783.4
2017-08-28,19449.9,5771.2,11773.8,12180.83,7401.46,27863.29,2438.97,21783.4
2017-08-29,19362.55,5733.6,11800.2193,12123.47,7337.43,27765.01,2444.24,21808.4
2017-08-30,19506.54,5733.8,11791.8786,11945.88,7365.26,28094.61,2446.3,21865.37
2017-08-31,19646.24,5776.3,11805.071,12002.47,7430.62,27970.3,2457.59,21892.43
2017-09-01,19691.47,5786.1,11875.693,12055.84,7438.5,27953.16,2471.65,21948.1
2017-09-04,19508.25,5763.8,11875.693,12055.84,7411.47,27740.26,2471.65,21948.1
