,code,time_key,open,close,high,low,pe_ratio,turnover_rate,volume,turnover,change_rate,last_close
0,HK.00700,2019-09-11 00:00:00,328.25692,333.10992,334.857,326.70396,36.405,0.00165,16273330,5437022615.0,1.7190278601066988,327.48044
1,HK.00700,2019-09-12 00:00:00,337.18644,336.40996,337.96292,334.27464,36.763,0.0016,15765678,5348208279.0,0.9906759906759979,333.10992
2,HK.00700,2019-09-13 00:00:00,336.99232,336.60408,337.57468,333.69228,36.784,0.00104,10237383,3471327889.0,0.057703404500864974,336.40996
3,HK.00700,2019-09-16 00:00:00,333.10992,333.69228,333.69228,327.0922,36.468,0.00245,24080208,8009399145.0,-0.8650519031141951,336.60408
4,HK.00700,2019-09-17 00:00:00,330.39224,330.78048,332.52756,327.86868,36.153,0.00097,9505133,3165507935.0,-0.872600349040131,333.69228
5,HK.00700,2019-09-18 00:00:00,331.16872,330.19812,332.72168,328.83928,36.09,0.00077,7557596,2516701392.0,-0.17605633802816725,330.78048
6,HK.00700,2019-09-19 00:00:00,329.80988,325.73336,330.39224,325.34512,35.606,0.00099,9723795,3203338854.0,-1.3521457965902448,330.19812
7,HK.00700,2019-09-20 00:00:00,328.0628,324.95688,328.0628,321.65684,35.521,0.00202,19865971,6502176620.0,-0.2383790226460048,325.73336
8,HK.00700,2019-09-23 00:00:00,323.79216,323.2098,325.73336,322.62744,35.332,0.00087,8559202,2795298150.0,-0.5376344086021626,324.95688
9,HK.00700,2019-09-24 00:00:00,322.43332,323.01568,325.53924,321.65684,35.311,0.00112,11043683,3601237434.0,-0.06006006006005947,323.2098
10,HK.00700,2019-09-25 00:00:00,318.55092,316.02736,319.90976,315.63912,34.553,0.00182,17961847,5744797132.0,-2.1634615384615348,323.01568
11,HK.00700,2019-09-26 00:00:00,322.82156,319.90976,322.82156,317.58032,34.974,0.0013,12822723,4134843194.0,1.2285012285012342,316.02736
12,HK.00700,2019-09-27 00:00:00,317.58032,316.99796,318.93916,316.22148,34.659,0.00113,11149837,3571077596.0,-0.9101941747572904,319.90976
13,HK.00700,2019-09-30 00:00:00,311.75672,317.77444,319.90976,311.17436,34.743,0.00154,15134498,4828990920.0,0.24494794856094632,316.99796
14,HK.00700,2019-10-02 00:00:00,310.98024,312.72732,314.28028,310.98024,34.196,0.00181,17805714,5617417403.0,-1.5882712278558357,317.77444
15,HK.00700,2019-10-03 00:00:00,310.98024,312.92144,313.69792,309.81552,34.217,0.00166,16304905,5127169521.0,0.06207324643078771,312.72732
16,HK.00700,2019-10-04 00:00:00,314.4744,310.592,314.66852,307.87432,33.964,0.00132,12992101,4081176105.0,-0.7444168734491423,312.92144
17,HK.00700,2019-10-08 00:00:00,309.81552,311.5626,315.25088,309.81552,34.069,0.0016,15745479,4966541576.0,0.3124999999999969,310.592
18,HK.00700,2019-10-09 00:00:00,309.42728,306.12724,310.98024,306.12724,33.48,0.00185,18225103,5663482515.0,-1.7445482866043625,311.5626
19,HK.00700,2019-10-10 00:00:00,307.29196,306.7096,310.39788,305.35076,33.543,0.00173,16986399,5263090747.0,0.19023462270134833,306.12724
20,HK.00700,2019-10-11 00:00:00,311.75672,312.5332,315.63912,310.78612,34.175,0.00205,20199348,6368323555.0,1.8987341772151893,306.7096
21,HK.00700,2019-10-14 00:00:00,314.66852,315.83324,318.16268,311.75672,34.532,0.00251,24738900,7880529728.0,1.055900621118002,312.5332
22,HK.00700,2019-10-15 00:00:00,316.99796,316.4156,319.13328,315.25088,34.595,0.00149,14632713,4679498788.0,0.18438844499077875,315.83324
23,HK.00700,2019-10-16 00:00:00,317.58032,318.55092,319.52152,315.63912,34.827,0.00146,14375833,4604688877.0,0.6748466257668825,316.4156
24,HK.00700,2019-10-17 00:00:00,320.298,318.55092,320.298,316.02736,34.827,0.00108,10652291,3422301916.0,0.0,318.55092
25,HK.00700,2019-10-18 00:00:00,319.52152,318.55092,321.65684,317.77444,34.827,0.00104,10204474,3288989931.0,0.0,318.55092
26,HK.00700,2019-10-21 00:00:00,317.19208,312.5332,317.77444,312.5332,33.571,0.00146,14369621,4557080047.0,-1.8890920170627656,318.55092
27,HK.00700,2019-10-22 00:00:00,312.72732,315.25088,315.445,312.5332,33.86,0.00109,10764909,3410907451.0,0.8695652173912957,312.5332
28,HK.00700,2019-10-23 00:00:00,312.5332,307.87432,313.5038,307.48608,33.074,0.00208,20456672,6383619077.0,-2.339901477832507,315.25088
29,HK.00700,2019-10-24 00:00:00,306.90372,306.90372,308.45668,304.57428,32.971,0.00193,19032029,5883604804.0,-0.31525851197982036,307.87432
30,HK.00700,2019-10-25 00:00:00,308.26256,304.57428,308.26256,304.57428,32.723,0.00165,16268156,5031021493.0,-0.7590132827324587,306.90372
31,HK.00700,2019-10-28 00:00:00,304.38016,309.81552,311.36848,304.18604,33.281,0.00184,18143773,5645180904.0,1.7208413001912064,304.57428
32,HK.00700,2019-10-29 00:00:00,310.78612,304.96252,311.5626,304.96252,32.764,0.00209,20530931,6356999042.0,-1.5664160401002534,309.81552
33,HK.00700,2019-10-30 00:00:00,303.99192,304.18604,307.29196,302.63308,32.682,0.00138,13594509,4172787288.0,-0.2546148949713533,304.96252
34,HK.00700,2019-10-31 00:00:00,308.84492,308.6508,309.81552,306.32136,33.157,0.00169,16595414,5166392180.0,1.467772814294835,304.18604
35,HK.00700,2019-11-01 00:00:00,307.48608,309.42728,310.00964,306.7096,33.24,0.00109,10719241,3339565887.0,0.25157232704402266,308.6508
36,HK.00700,2019-11-04 00:00:00,309.81552,315.25088,315.445,309.81552,33.86,0.00155,15223590,4807694209.0,1.882057716436637,309.42728
37,HK.00700,2019-11-05 00:00:00,317.58032,320.49212,321.46272,315.05676,34.418,0.00238,23437138,7542584961.0,1.6625615763546813,315.25088
38,HK.00700,2019-11-06 00:00:00,320.68624,321.46272,322.2392,318.74504,34.518,0.0013,12804999,4143667770.0,0.30284675953966994,320.49212
39,HK.00700,2019-11-07 00:00:00,320.49212,321.07448,321.07448,314.4744,34.477,0.00163,16003911,5127356241.0,-0.12077294685990218,321.46272
40,HK.00700,2019-11-08 00:00:00,322.43332,314.86264,322.62744,313.89204,33.815,0.00174,17160380,5480660595.0,-1.9347037484885112,321.07448
41,HK.00700,2019-11-11 00:00:00,314.66852,310.78612,314.86264,309.81552,33.381,0.00158,15543969,4894795043.0,-1.2946979038224466,314.86264
42,HK.00700,2019-11-12 00:00:00,314.08616,317.77444,317.77444,312.92144,34.125,0.00167,16389999,5222699004.0,2.2485946283572913,310.78612
43,HK.00700,2019-11-13 00:00:00,319.13328,315.05676,319.13328,313.11556,33.836,0.00167,16410730,5227068938.0,-0.8552229688454583,317.77444
44,HK.00700,2019-11-14 00:00:00,307.87432,307.6802,311.5626,305.93312,33.05,0.00269,26468868,8224633979.0,-2.341343191620451,315.05676
45,HK.00700,2019-11-15 00:00:00,310.78612,307.87432,310.78612,306.7096,33.071,0.00142,13999063,4345687452.0,0.06309148264984164,307.6802
46,HK.00700,2019-11-18 00:00:00,309.81552,317.58032,317.58032,308.6508,34.105,0.0027,26567738,8414867076.0,3.1525851197982213,307.87432
47,HK.00700,2019-11-19 00:00:00,320.49212,323.98628,323.98628,317.96856,34.787,0.00258,25383270,8239053863.0,2.0171149144254437,317.58032
48,HK.00700,2019-11-20 00:00:00,323.01568,323.01568,324.95688,320.10388,34.683,0.00144,14160629,4611201163.0,-0.29958058717796543,323.98628
49,HK.00700,2019-11-21 00:00:00,319.52152,316.99796,319.52152,315.63912,34.042,0.0014,13748443,4398236280.0,-1.8629807692307685,323.01568
50,HK.00700,2019-11-22 00:00:00,319.90976,321.07448,321.2686,317.58032,34.477,0.00112,10987962,3539689672.0,1.285976729944892,316.99796
51,HK.00700,2019-11-25 00:00:00,329.0334,326.1216,329.0334,325.151,35.014,0.00188,18470112,6089196502.0,1.5719467956469186,321.07448
52,HK.00700,2019-11-26 00:00:00,328.25692,323.01568,329.22752,321.2686,34.683,0.00308,30329761,9906385299.0,-0.9523809523809603,326.1216
53,HK.00700,2019-11-27 00:00:00,324.37452,322.43332,326.1216,321.46272,34.621,0.00117,11551593,3768125213.0,-0.18028846153845976,323.01568
54,HK.00700,2019-11-28 00:00:00,322.43332,325.34512,327.48044,321.07448,34.931,0.0019,18743528,6143782781.0,0.9030704394942893,322.43332
55,HK.00700,2019-11-29 00:00:00,321.65684,319.3274,322.62744,316.60972,34.291,0.00145,14226809,4574323753.0,-1.849642004773269,325.34512
56,HK.00700,2019-12-02 00:00:00,322.43332,320.49212,322.43332,319.13328,34.415,0.00107,10504512,3397967761.0,0.3647416413373824,319.3274
57,HK.00700,2019-12-03 00:00:00,316.60972,318.55092,320.10388,314.28028,34.208,0.00133,13121309,4208497830.0,-0.6056935190793399,320.49212
58,HK.00700,2019-12-04 00:00:00,315.445,316.22148,316.99796,313.11556,33.96,0.00128,12634091,4022568236.0,-0.7312614259597912,318.55092
59,HK.00700,2019-12-05 00:00:00,321.07448,317.58032,321.07448,316.60972,34.105,0.00122,12052076,3864651979.0,0.42971147943523214,316.22148
60,HK.00700,2019-12-06 00:00:00,321.07448,323.01568,323.79216,319.71564,34.683,0.00164,16112187,5238554718.0,1.7114914425427883,317.58032
61,HK.00700,2019-12-09 00:00:00,322.43332,323.59804,325.151,321.2686,34.745,0.00103,10137587,3308435630.0,0.18028846153847736,323.01568
62,HK.00700,2019-12-10 00:00:00,320.68624,324.1804,326.1216,320.298,34.807,0.0011,10789280,3524940567.0,0.17996400719855848,323.59804
63,HK.00700,2019-12-11 00:00:00,326.31572,327.28632,327.67456,324.37452,35.138,0.00131,12915256,4250639878.0,0.9580838323353198,324.1804
64,HK.00700,2019-12-12 00:00:00,331.9452,336.02172,338.35116,330.78048,36.068,0.00348,34290782,11583726569.0,2.669039145907482,327.28632
65,HK.00700,2019-12-13 00:00:00,346.69832,347.66892,348.4454,343.39828,37.308,0.00343,33779992,11765587571.0,3.466204506065857,336.02172
66,HK.00700,2019-12-16 00:00:00,349.416,346.5042,350.96896,344.75712,37.184,0.00201,19821685,6947055913.0,-0.3350083752093769,347.66892
67,HK.00700,2019-12-17 00:00:00,354.65724,357.56904,359.31612,349.99836,38.362,0.00341,33543288,12019056598.0,3.1932773109243544,346.5042
68,HK.00700,2019-12-18 00:00:00,366.11032,363.78088,366.11032,359.51024,39.024,0.0033,32516415,11872884068.0,1.7372421281216215,357.56904
69,HK.00700,2019-12-19 00:00:00,360.86908,361.83968,361.83968,356.79256,38.817,0.00193,18999693,6887291197.0,-0.5336179295624436,363.78088
70,HK.00700,2019-12-20 00:00:00,364.16912,361.45144,364.16912,358.53964,38.776,0.00227,22312639,8117618492.0,-0.10729613733905473,361.83968
71,HK.00700,2019-12-23 00:00:00,364.16912,363.975,364.16912,360.0926,39.045,0.00122,12025578,4391275517.0,0.698174006444692,361.45144
72,HK.00700,2019-12-24 00:00:00,365.13972,363.0044,365.9162,363.0044,38.941,0.00067,6553144,2403547632.0,-0.2666666666666796,363.975
73,HK.00700,2019-12-27 00:00:00,364.9456,369.99272,371.35156,364.36324,39.685,0.00201,19760999,7351190589.0,1.9251336898395845,363.0044
74,HK.00700,2019-12-30 00:00:00,367.46916,369.21624,370.57508,367.27504,39.603,0.0015,14762625,5486565140.0,-0.20986358866736413,369.99272
75,HK.00700,2019-12-31 00:00:00,365.13972,361.83968,366.30444,360.86908,38.817,0.00109,10692891,3909899396.0,-1.9978969505783495,369.21624
76,HK.00700,2020-01-02 00:00:00,362.0338,368.43976,370.7692,361.83968,39.52,0.00146,14414793,5339844488.0,1.824034334763946,361.83968
77,HK.00700,2020-01-03 00:00:00,373.87512,369.02212,375.81632,367.27504,39.582,0.0016,15776939,5894345016.0,0.15806111696522498,368.43976
78,HK.00700,2020-01-06 00:00:00,366.11032,363.58676,366.11032,361.64556,39.003,0.00127,12490405,4579164268.0,-1.4729089952656351,369.02212
79,HK.00700,2020-01-07 00:00:00,366.8868,371.54568,373.681,366.11032,39.851,0.00185,18222065,6807794524.0,2.189001601708483,363.58676
80,HK.00700,2020-01-08 00:00:00,368.43976,368.05152,371.7398,365.33384,39.479,0.00163,15999531,5939016088.0,-0.9404388714733601,371.54568
81,HK.00700,2020-01-09 00:00:00,375.81632,375.81632,375.81632,372.90452,40.305,0.00167,16429849,6204440877.0,2.1097046413502207,368.05152
82,HK.00700,2020-01-10 00:00:00,380.4752,384.16348,384.74584,377.75752,41.194,0.00265,26058136,10030082546.0,2.221074380165282,375.81632
83,HK.00700,2020-01-13 00:00:00,385.52232,391.73416,391.73416,382.99876,42.0,0.00289,28405364,11085382856.0,1.970692268822633,384.16348
84,HK.00700,2020-01-14 00:00:00,395.22832,385.91056,398.14012,382.22228,41.38,0.00281,27640243,10863864920.0,-1.4866204162537164,391.73416
85,HK.00700,2020-01-15 00:00:00,382.80464,384.3576,388.43412,381.83404,41.215,0.00167,16420904,6348068062.0,-0.4024144869215252,385.91056
86,HK.00700,2020-01-16 00:00:00,384.55172,385.52232,388.43412,382.02816,41.339,0.00144,14187738,5490470341.0,0.30303030303030004,384.3576
87,HK.00700,2020-01-17 00:00:00,385.52232,384.55172,386.10468,381.63992,41.236,0.00143,14084935,5445721499.0,-0.2517623363544789,385.52232
88,HK.00700,2020-01-20 00:00:00,390.37532,381.63992,390.37532,381.63992,40.926,0.00139,13684736,5298844180.0,-0.7571933366986295,384.55172
89,HK.00700,2020-01-21 00:00:00,380.66932,371.35156,380.66932,369.41036,39.83,0.00253,24905604,9349941564.0,-2.6958290946083445,381.63992
90,HK.00700,2020-01-22 00:00:00,373.29276,376.78692,378.534,368.63388,40.409,0.00196,19248192,7272503871.0,1.463669628855202,371.35156
91,HK.00700,2020-01-23 00:00:00,375.42808,371.54568,375.6222,365.13972,39.851,0.00195,19185290,7161285961.0,-1.3910355486862453,376.78692
92,HK.00700,2020-01-24 00:00:00,372.90452,371.7398,374.45748,369.41036,39.871,0.00084,8294545,3106177839.0,0.052246603970741386,371.54568
93,HK.00700,2020-01-29 00:00:00,370.18684,369.21624,375.42808,367.08092,39.603,0.00332,32723063,12247521357.0,-0.678851174934719,371.7398
94,HK.00700,2020-01-30 00:00:00,371.93392,361.25732,374.84572,356.59844,38.755,0.00261,25702411,9439561263.0,-2.1556256572029535,369.21624
95,HK.00700,2020-01-31 00:00:00,366.30444,359.31612,370.7692,357.76316,38.548,0.00212,20913910,7653062872.0,-0.5373455131649597,361.25732
96,HK.00700,2020-02-03 00:00:00,364.16912,366.11032,369.21624,356.01608,39.272,0.003,29547118,10855939331.0,1.8908698001080466,359.31612
97,HK.00700,2020-02-04 00:00:00,375.81632,378.72812,379.31048,370.7692,40.615,0.00298,29294848,11089845113.0,3.446447507953337,366.11032
98,HK.00700,2020-02-05 00:00:00,385.52232,377.95164,385.52232,373.29276,40.533,0.00234,23077030,8822351403.0,-0.20502306509482113,378.72812
99,HK.00700,2020-02-06 00:00:00,383.58112,385.52232,385.52232,377.95164,41.339,0.00186,18331055,7077740790.0,2.0030816640986084,377.95164
100,HK.00700,2020-02-07 00:00:00,384.74584,387.85176,387.85176,380.28108,41.591,0.00156,15347923,5941868209.0,0.604229607250764,385.52232
101,HK.00700,2020-02-10 00:00:00,381.25168,386.10468,386.49292,380.66932,41.405,0.00172,16962172,6575890276.0,-0.4504504504504606,387.85176
102,HK.00700,2020-02-11 00:00:00,390.37532,394.25772,396.19892,389.01648,42.273,0.00243,23886426,9473537305.0,2.111613876319767,386.10468
103,HK.00700,2020-02-12 00:00:00,395.22832,396.19892,398.72248,393.48124,42.48,0.00185,18238875,7282363709.0,0.49236829148202366,394.25772
104,HK.00700,2020-02-13 00:00:00,401.05192,401.44016,401.63428,398.33424,43.038,0.00187,18404038,7417627167.0,1.322880940715337,396.19892
105,HK.00700,2020-02-14 00:00:00,400.08132,400.08132,404.93432,398.52836,42.894,0.00145,14307951,5789567873.0,-0.33849129593810107,401.44016
106,HK.00700,2020-02-17 00:00:00,395.81068,401.63428,404.7402,395.42244,43.059,0.00112,11003021,4452365366.0,0.38816108685103934,400.08132
107,HK.00700,2020-02-18 00:00:00,398.14012,393.48124,399.49896,392.70476,42.191,0.00136,13427951,5346215879.0,-2.0299661672305405,401.63428
108,HK.00700,2020-02-19 00:00:00,395.22832,396.58716,399.69308,393.86948,42.521,0.00131,12879660,5140487520.0,0.7893438579180977,393.48124
109,HK.00700,2020-02-20 00:00:00,401.05192,395.22832,401.05192,390.95768,42.377,0.00174,17084940,6798445457.0,-0.34263338228095597,396.58716
110,HK.00700,2020-02-21 00:00:00,391.34592,386.49292,393.67536,385.52232,41.447,0.00183,17974482,7033970047.0,-2.2102161100196387,395.22832
111,HK.00700,2020-02-24 00:00:00,378.92224,376.20456,381.4458,375.81632,40.351,0.00243,23884620,9095302950.0,-2.6619789050728304,386.49292
112,HK.00700,2020-02-25 00:00:00,376.5928,387.07528,388.24,376.20456,41.509,0.00252,24810433,9589497268.0,2.8895768833849345,376.20456
113,HK.00700,2020-02-26 00:00:00,383.19288,385.13408,389.2106,381.25168,41.302,0.00192,18881157,7314707958.0,-0.5015045135406315,387.07528
114,HK.00700,2020-02-27 00:00:00,384.55172,384.74584,387.07528,380.08696,41.26,0.00201,19759389,7618588228.0,-0.10080645161290222,385.13408
115,HK.00700,2020-02-28 00:00:00,377.17516,371.93392,377.5634,370.38096,39.896,0.00334,32882164,12365897994.0,-3.3299697275479283,384.74584
116,HK.00700,2020-03-02 00:00:00,370.57508,375.42808,380.28108,370.57508,40.268,0.00242,23788969,9009748775.0,0.9394572025052252,371.93392
117,HK.00700,2020-03-03 00:00:00,378.72812,379.69872,384.3576,378.72812,40.723,0.00228,22469561,8631161979.0,1.1375387797311158,375.42808
118,HK.00700,2020-03-04 00:00:00,381.63992,379.69872,381.63992,376.5928,40.723,0.00205,20150401,7691008421.0,0.0,379.69872
119,HK.00700,2020-03-05 00:00:00,383.58112,391.54004,392.1224,379.69872,41.984,0.00283,27865365,10871236353.0,3.1186094069529644,379.69872
120,HK.00700,2020-03-06 00:00:00,383.58112,381.4458,385.71644,380.66932,40.909,0.00318,31306982,12051591766.0,-2.5780862667327606,391.54004
121,HK.00700,2020-03-09 00:00:00,366.11032,363.58676,370.96332,359.89848,39.007,0.00378,37218059,13746137626.0,-4.681933842239184,381.4458
122,HK.00700,2020-03-10 00:00:00,368.05152,369.02212,375.23396,362.22792,39.586,0.00334,32870327,12221834624.0,1.4949279231179775,363.58676
123,HK.00700,2020-03-11 00:00:00,369.02212,364.55736,370.57508,363.19852,39.111,0.00214,21067594,7787449263.0,-1.209889531825343,369.02212
124,HK.00700,2020-03-12 00:00:00,354.46312,350.19248,355.82196,348.4454,37.581,0.00398,39194096,13877578726.0,-3.9403620873269514,364.55736
125,HK.00700,2020-03-13 00:00:00,323.40392,351.55132,354.46312,323.40392,37.726,0.00601,59131501,20244342615.0,0.3880266075387988,350.19248
126,HK.00700,2020-03-16 00:00:00,342.81592,329.0334,344.563,324.37452,35.328,0.0052,51213317,17245386881.0,-6.405300938707898,351.55132
127,HK.00700,2020-03-17 00:00:00,329.0334,336.7982,341.6512,325.34512,36.155,0.00441,43426082,14641994996.0,2.3598820058997165,329.0334
128,HK.00700,2020-03-18 00:00:00,330.19812,321.46272,342.03944,317.58032,34.521,0.00465,45741798,15183693783.0,-4.553314121037469,336.7982
129,HK.00700,2020-03-19 00:00:00,330.19812,330.19812,337.57468,312.92144,31.812,0.00625,61560023,20218287332.0,2.7173913043478346,321.46272
130,HK.00700,2020-03-20 00:00:00,341.84532,346.31008,350.96896,336.21584,33.351,0.00547,53883211,18730755857.0,4.879482657260438,330.19812
131,HK.00700,2020-03-23 00:00:00,327.48044,335.05112,346.11596,327.48044,32.276,0.00405,39866257,13587732330.0,-3.251121076233184,346.31008
132,HK.00700,2020-03-24 00:00:00,347.66892,351.74544,354.269,344.75712,33.871,0.00383,37722490,13314342718.0,4.98261877172652,335.05112
133,HK.00700,2020-03-25 00:00:00,361.25732,366.11032,367.66328,359.70436,35.243,0.00379,37324169,13664404508.0,4.083885209713032,351.74544
134,HK.00700,2020-03-26 00:00:00,371.93392,367.8574,371.93392,362.22792,35.41,0.00307,30206961,11192997545.0,0.4772004241781501,366.11032
135,HK.00700,2020-03-27 00:00:00,375.81632,368.43976,375.81632,367.8574,35.466,0.00301,29609193,11039662387.0,0.15831134564643642,367.8574
136,HK.00700,2020-03-30 00:00:00,358.1514,362.81028,366.11032,357.95728,34.928,0.00229,22500226,8188543442.0,-1.5279241306638571,368.43976
137,HK.00700,2020-03-31 00:00:00,371.15744,366.30444,371.93392,357.1808,35.262,0.00232,22873781,8409876384.0,0.9630818619582726,362.81028
138,HK.00700,2020-04-01 00:00:00,369.60448,360.67496,369.60448,358.73376,34.724,0.00247,24336762,8917624899.0,-1.5368309485956548,366.30444
139,HK.00700,2020-04-02 00:00:00,356.40432,365.9162,365.9162,356.01608,35.225,0.00127,12493224,4549654341.0,1.453175457481164,360.67496
140,HK.00700,2020-04-03 00:00:00,358.34552,362.61616,362.61616,358.34552,34.91,0.00149,14706565,5344489689.0,-0.901856763925736,365.9162
141,HK.00700,2020-04-06 00:00:00,366.11032,367.46916,369.99272,362.81028,35.373,0.00145,14289145,5273704741.0,1.338329764453964,362.61616
142,HK.00700,2020-04-07 00:00:00,373.48688,373.48688,373.48688,368.05152,35.948,0.00198,19490050,7290528068.0,1.637612255678816,367.46916
143,HK.00700,2020-04-08 00:00:00,373.681,370.96332,373.681,368.63388,35.707,0.00159,15641190,5841274633.0,-0.675675675675669,373.48688
144,HK.00700,2020-04-09 00:00:00,375.81632,377.17516,377.17516,372.51628,36.301,0.00164,16171417,6107483936.0,1.6745159602302446,370.96332
145,HK.00700,2020-04-14 00:00:00,381.63992,380.66932,383.19288,378.14576,36.635,0.00274,26992527,10360211962.0,0.9264024704065936,377.17516
146,HK.00700,2020-04-15 00:00:00,386.10468,380.66932,386.10468,380.66932,36.635,0.00215,21128543,8148899389.0,0.0,380.66932
147,HK.00700,2020-04-16 00:00:00,384.55172,392.1224,392.1224,380.66932,37.729,0.00302,29724891,11614129061.0,3.0086690464048953,380.66932
148,HK.00700,2020-04-17 00:00:00,402.02252,394.84008,404.54608,391.54004,37.989,0.0031,30524268,12232207920.0,0.6930693069306861,392.1224
149,HK.00700,2020-04-20 00:00:00,394.84008,393.86948,396.19892,391.92828,37.896,0.00161,15801912,6271264956.0,-0.24582104228121682,394.84008
150,HK.00700,2020-04-21 00:00:00,395.61656,386.10468,395.61656,382.22228,37.154,0.00218,21455970,8369321431.0,-1.97141448989651,393.86948
151,HK.00700,2020-04-22 00:00:00,382.61052,394.64596,395.0342,381.63992,37.97,0.0018,17673823,6935650659.0,2.2121669180492787,386.10468
152,HK.00700,2020-04-23 00:00:00,395.22832,396.78128,400.08132,392.70476,38.174,0.00186,18346555,7326114042.0,0.5410723069355579,394.64596
153,HK.00700,2020-04-24 00:00:00,390.37532,391.73416,395.61656,389.79296,37.692,0.00131,12880174,5098214761.0,-1.2720156555773012,396.78128
154,HK.00700,2020-04-27 00:00:00,397.946,398.14012,400.08132,395.42244,38.304,0.00164,16140784,6478894874.0,1.635282457879101,391.73416
155,HK.00700,2020-04-28 00:00:00,400.08132,402.21664,402.21664,397.55776,38.694,0.00137,13511311,5447427087.0,1.0238907849829249,398.14012
156,HK.00700,2020-04-29 00:00:00,402.99312,402.02252,403.96372,398.72248,38.675,0.00139,13676077,5526382707.0,-0.048262548262547784,402.21664
157,HK.00700,2020-05-04 00:00:00,394.0636,385.52232,394.0636,385.52232,37.098,0.00258,25384620,9942441857.0,-4.104297440849833,402.02252
158,HK.00700,2020-05-05 00:00:00,386.68704,391.34592,392.89888,386.10468,37.655,0.00132,12964222,5093289456.0,1.5105740181268879,385.52232
159,HK.00700,2020-05-06 00:00:00,391.92828,395.22832,397.36364,391.1518,38.026,0.00207,20397526,8105124822.0,0.9920634920634969,391.34592
160,HK.00700,2020-05-07 00:00:00,396.78128,392.51064,396.78128,392.51064,37.766,0.00129,12670773,5034932378.0,-0.6876227897838831,395.22832
161,HK.00700,2020-05-08 00:00:00,397.75188,403.18724,403.18724,396.78128,38.786,0.0023,22686235,9161298207.0,2.720079129574666,392.51064
162,HK.00700,2020-05-11 00:00:00,409.78732,419.49332,419.49332,408.42848,40.345,0.0035,34470831,14343128850.0,4.044294655753493,403.18724
163,HK.00700,2020-05-12 00:00:00,412.89324,415.61092,419.2992,410.5638,39.974,0.00231,22705220,9487820717.0,-0.9254974548819899,419.49332
164,HK.00700,2020-05-13 00:00:00,412.89324,414.25208,422.59924,410.95204,39.844,0.00254,25011110,10519762630.0,-0.32695002335358353,415.61092
165,HK.00700,2020-05-14 00:00:00,428.22872,415.22268,431.14052,411.34028,39.936,0.00345,33927437,14344839248.0,0.23430178069354465,414.25208
166,HK.00700,2020-05-15 00:00:00,415.80504,407.26376,421.2404,406.09904,39.065,0.00257,25335803,10495191713.0,-1.9167835437120233,415.22268
167,HK.00700,2020-05-18 00:00:00,405.12844,409.01084,411.34028,402.99312,39.232,0.00215,21208583,8666976060.0,0.42897998093421885,407.26376
168,HK.00700,2020-05-19 00:00:00,415.99916,415.80504,418.71684,411.5344,39.881,0.00208,20440633,8511587771.0,1.6611295681063238,409.01084
169,HK.00700,2020-05-20 00:00:00,420.2698,425.51104,425.51104,417.74624,40.808,0.00222,21888968,9257707936.0,2.3342670401493835,415.80504
170,HK.00700,2020-05-21 00:00:00,422.01688,419.10508,423.37572,417.16388,40.196,0.00197,19348344,8161588979.0,-1.505474452554743,425.51104
171,HK.00700,2020-05-22 00:00:00,412.89324,398.72248,412.89324,396.39304,38.248,0.00396,39016866,15776750985.0,-4.863362667901798,419.10508
172,HK.00700,2020-05-25 00:00:00,396.39304,402.799,403.7696,392.51064,38.638,0.00209,20554725,8230189966.0,1.0223953261927843,398.72248
173,HK.00700,2020-05-26 00:00:00,408.42848,411.34028,414.25208,405.32256,39.454,0.00167,16482759,6790586226.0,2.1204819277108506,402.799
174,HK.00700,2020-05-27 00:00:00,409.20496,406.09904,409.20496,400.46956,38.953,0.00218,21463356,8716093069.0,-1.274185936762625,411.34028
175,HK.00700,2020-05-28 00:00:00,407.06964,394.64596,407.06964,390.76356,37.859,0.00303,29817031,11903950989.0,-2.820267686424474,406.09904
176,HK.00700,2020-05-29 00:00:00,392.31652,396.78128,399.69308,390.56944,38.063,0.00306,30164793,11994649488.0,0.5410723069355579,394.64596
177,HK.00700,2020-06-01 00:00:00,405.51668,414.83444,415.61092,405.32256,39.788,0.00241,23689004,9774167719.0,4.549902152641876,396.78128
178,HK.00700,2020-06-02 00:00:00,421.62864,416.19328,421.62864,415.02856,39.918,0.00187,18386743,7721343099.0,0.32756200280768477,414.83444
179,HK.00700,2020-06-03 00:00:00,421.62864,418.3286,422.98748,412.11676,40.122,0.0021,20635796,8639848007.0,0.5130597014925322,416.19328
180,HK.00700,2020-06-04 00:00:00,420.65804,420.65804,420.65804,414.4462,40.345,0.00193,19033709,7986632322.0,0.5568445475638131,418.3286
181,HK.00700,2020-06-05 00:00:00,419.68744,419.88156,419.88156,412.505,40.27,0.00278,27333071,11462465843.0,-0.18458698661745512,420.65804
182,HK.00700,2020-06-08 00:00:00,420.65804,415.80504,421.43452,412.89324,39.881,0.00206,20316921,8487280718.0,-0.9708737864077573,419.88156
183,HK.00700,2020-06-09 00:00:00,417.74624,419.49332,420.65804,414.05796,40.233,0.00194,19057073,8011913241.0,0.8870214752567604,415.80504
184,HK.00700,2020-06-10 00:00:00,422.59924,431.52876,432.69348,421.43452,41.383,0.00355,34969704,15029570324.0,2.869042110134196,419.49332
185,HK.00700,2020-06-11 00:00:00,435.99352,427.84048,440.45828,427.45224,41.031,0.00282,27742555,12111817089.0,-0.8547008547008463,431.52876
186,HK.00700,2020-06-12 00:00:00,420.2698,426.48164,429.78168,418.71684,40.901,0.00183,17989427,7686142015.0,-0.31760435571687523,427.84048
187,HK.00700,2020-06-15 00:00:00,420.65804,419.2992,429.78168,417.94036,40.215,0.00168,16494577,6995208111.0,-1.684114701866191,426.48164
188,HK.00700,2020-06-16 00:00:00,434.63468,434.05232,437.93472,430.75228,41.624,0.00235,23130758,10078558736.0,3.5185185185185244,419.2992
189,HK.00700,2020-06-17 00:00:00,436.96412,435.7994,438.7112,430.36404,41.791,0.00147,14504209,6332609985.0,0.4025044722719101,434.05232
190,HK.00700,2020-06-18 00:00:00,437.54648,442.98184,442.98184,430.55816,42.478,0.00195,19191589,8447912791.0,1.6481069042316225,435.7994
191,HK.00700,2020-06-19 00:00:00,442.98184,445.31128,450.3584,441.42888,42.7,0.00265,26099146,11707647549.0,0.5258545135845826,442.98184
192,HK.00700,2020-06-22 00:00:00,444.92304,458.70556,459.0938,444.14656,43.98,0.00272,26749770,12189885054.0,3.0078465562336487,445.31128
193,HK.00700,2020-06-23 00:00:00,464.33504,481.22348,482.3882,459.67616,46.132,0.00328,32277247,15365544915.0,4.90901396529835,458.70556
194,HK.00700,2020-06-24 00:00:00,485.68824,474.81752,488.60004,474.81752,45.52,0.00241,23762060,11485183999.0,-1.3311819281968522,481.22348
195,HK.00700,2020-06-26 00:00:00,470.54688,469.18804,476.95284,467.8292,44.982,0.00187,18419792,8709012767.0,-1.1856091578086674,474.81752
196,HK.00700,2020-06-29 00:00:00,465.30564,470.15864,477.72932,465.30564,45.075,0.00231,22747748,10776246488.0,0.20686801820438355,469.18804
197,HK.00700,2020-06-30 00:00:00,472.29396,482.3882,483.74704,472.29396,46.243,0.00232,22815213,11015961742.0,2.60115606936416,470.15864
198,HK.00700,2020-07-02 00:00:00,486.65884,501.70314,502.18844,486.65884,48.089,0.00333,32747292,16271344349.0,4.004024144869223,482.3882
199,HK.00700,2020-07-03 00:00:00,503.15904,507.52674,511.89444,494.90894,48.645,0.0022,21636868,10923179893.0,1.1607661056297154,501.70314
200,HK.00700,2020-07-06 00:00:00,507.04144,503.15904,511.89444,499.27664,48.228,0.00243,23964228,12159008611.0,-0.8605851979345982,507.52674
201,HK.00700,2020-07-07 00:00:00,502.18844,499.27664,513.83564,495.39424,47.866,0.00264,25987660,13132485824.0,-0.7716049382716086,503.15904
202,HK.00700,2020-07-08 00:00:00,498.79134,525.48284,528.87994,498.79134,50.371,0.00289,28448354,14802662425.0,5.248833592534997,499.27664
203,HK.00700,2020-07-09 00:00:00,527.42404,544.89484,545.86544,526.45344,52.226,0.00273,26855403,14446319717.0,3.6941263391208046,525.48284
204,HK.00700,2020-07-10 00:00:00,531.30644,528.87994,543.92424,528.39464,50.695,0.00246,24170164,12954539466.0,-2.939080869255435,544.89484
205,HK.00700,2020-07-13 00:00:00,523.05634,523.54164,538.10064,522.57104,50.185,0.0021,20642824,10944033525.0,-1.0093595155074333,528.87994
206,HK.00700,2020-07-14 00:00:00,511.89444,508.01204,518.20334,500.73254,48.701,0.0027,26624508,13578299530.0,-2.9662588060808335,523.54164
207,HK.00700,2020-07-15 00:00:00,521.11514,525.48284,525.48284,513.35034,50.371,0.00232,22840682,11933986043.0,3.4390523500191055,508.01204
208,HK.00700,2020-07-16 00:00:00,521.60044,496.36484,524.51224,494.42364,47.588,0.00283,27866342,14140916850.0,-5.541189508681196,525.48284
209,HK.00700,2020-07-17 00:00:00,502.18844,504.12964,512.86504,500.24724,48.33,0.00184,18096394,9195983964.0,1.564333202972229,496.36484
210,HK.00700,2020-07-20 00:00:00,504.12964,505.58554,510.43854,496.36484,48.469,0.00136,13380258,6774535104.0,0.28879476318829134,504.12964
211,HK.00700,2020-07-21 00:00:00,530.82114,545.86544,545.86544,526.45344,52.319,0.00305,29981512,16111805417.0,7.966980226531015,505.58554
212,HK.00700,2020-07-22 00:00:00,535.18884,521.60044,544.89484,520.14454,50.0,0.00219,21565058,11556316123.0,-4.4452347083926,545.86544
213,HK.00700,2020-07-23 00:00:00,528.39464,539.07124,539.55654,525.48284,51.669,0.002,19666149,10512026393.0,3.3494603647190058,521.60044
214,HK.00700,2020-07-24 00:00:00,524.51224,510.92384,529.36524,508.01204,48.979,0.00294,28987240,14985766691.0,-5.2214620093626225,539.07124
215,HK.00700,2020-07-27 00:00:00,512.86504,503.15904,520.62984,498.30604,48.237,0.00196,19253406,9811576341.0,-1.5197568389057712,510.92384
216,HK.00700,2020-07-28 00:00:00,517.71804,525.96814,526.93874,511.89444,50.417,0.00225,22186833,11594077372.0,4.533179012345668,503.15904
217,HK.00700,2020-07-29 00:00:00,519.17394,524.02694,524.99754,515.77684,50.231,0.00131,12861357,6720889396.0,-0.3690717844620742,525.96814
218,HK.00700,2020-07-30 00:00:00,529.36524,517.71804,531.79174,514.80624,49.628,0.00143,14117936,7422271205.0,-1.2039266530839035,524.02694
219,HK.00700,2020-07-31 00:00:00,522.57104,516.74744,532.27704,516.74744,49.674,0.00164,16106078,8458738568.0,-0.18747656542931948,517.71804
220,HK.00700,2020-08-03 00:00:00,518.68864,521.60044,524.02694,510.92384,50.139,0.00189,18623521,9663103182.0,0.939143501126985,516.74744
221,HK.00700,2020-08-04 00:00:00,528.39464,532.27704,538.58594,522.57104,51.162,0.00211,20792479,11061979003.0,2.0468924451060673,521.60044
222,HK.00700,2020-08-05 00:00:00,539.55654,542.95364,542.95364,533.24764,52.186,0.00166,16366132,8854658089.0,2.0058351568198196,532.27704
223,HK.00700,2020-08-06 00:00:00,542.46834,537.61534,545.86544,525.96814,51.674,0.00215,21191718,11343525304.0,-0.9831962817304262,542.95364
224,HK.00700,2020-08-07 00:00:00,541.01244,510.43854,541.01244,483.16468,49.069,0.00648,63998614,32619798173.0,-5.055064090991146,537.61534
225,HK.00700,2020-08-10 00:00:00,493.45304,485.68824,501.21784,484.71764,46.697,0.00507,50055485,24704120845.0,-4.848830576155159,510.43854
226,HK.00700,2020-08-11 00:00:00,494.42364,496.85014,508.98264,493.45304,47.767,0.00266,26270866,13166764987.0,2.2981614708233415,485.68824
227,HK.00700,2020-08-12 00:00:00,495.39424,503.64434,506.07084,487.62944,48.418,0.00198,19518795,9757001343.0,1.367454580972844,496.85014
228,HK.00700,2020-08-13 00:00:00,510.92384,493.45304,513.83564,493.45304,47.441,0.00284,28080176,14087534293.0,-2.0235112738485284,503.64434
229,HK.00700,2020-08-14 00:00:00,486.17354,490.05594,497.33544,485.20294,47.116,0.00188,18536369,9138505853.0,-0.6884343036978688,493.45304
230,HK.00700,2020-08-17 00:00:00,491.99714,488.11474,498.30604,485.68824,46.93,0.00154,15238881,7518269981.0,-0.3961180431768744,490.05594
231,HK.00700,2020-08-18 00:00:00,498.30604,495.39424,499.76194,492.48244,47.627,0.0014,13792778,6858288302.0,1.4913501690196944,488.11474
232,HK.00700,2020-08-19 00:00:00,499.27664,489.57064,503.15904,489.57064,47.069,0.00116,11432372,5644803112.0,-1.1755485893416926,495.39424
233,HK.00700,2020-08-20 00:00:00,491.51184,491.51184,492.48244,485.68824,47.255,0.0015,14811031,7257117089.0,0.3965107057890524,489.57064
234,HK.00700,2020-08-21 00:00:00,499.76194,501.21784,507.52674,495.39424,48.186,0.0019,18797694,9470727272.0,1.974723538704585,491.51184
235,HK.00700,2020-08-24 00:00:00,520.14454,530.33584,530.33584,517.71804,50.976,0.00286,28240364,14801866053.0,5.809450038729654,501.21784
236,HK.00700,2020-08-25 00:00:00,530.33584,526.93874,531.30644,519.65924,50.651,0.00188,18558975,9792212919.0,-0.6405563689604514,530.33584
237,HK.00700,2020-08-26 00:00:00,535.67414,533.73294,537.13004,528.39464,51.302,0.00163,16106960,8608606822.0,1.2893718916927481,526.93874
238,HK.00700,2020-08-27 00:00:00,536.15944,540.04184,541.98304,529.36524,51.906,0.00178,17548115,9465271354.0,1.182033096926713,533.73294
239,HK.00700,2020-08-28 00:00:00,536.15944,523.05634,540.04184,523.05634,50.279,0.00235,23220387,12345301720.0,-3.145219266714594,540.04184
240,HK.00700,2020-08-31 00:00:00,536.64474,513.35034,536.64474,513.35034,49.348,0.00225,22259860,11725601158.0,-1.8556318426424232,523.05634
241,HK.00700,2020-09-01 00:00:00,520.14454,521.60044,529.36524,513.83564,50.139,0.00206,20366099,10678566661.0,1.6071090943467747,513.35034
242,HK.00700,2020-09-02 00:00:00,537.13004,527.42404,537.13004,525.96814,50.697,0.00152,15006462,7978062450.0,1.1164867882396612,521.60044
243,HK.00700,2020-09-03 00:00:00,528.39464,516.74744,530.82114,515.77684,49.674,0.00178,17596007,9211927627.0,-2.02429149797571,527.42404
244,HK.00700,2020-09-04 00:00:00,500.24724,501.21784,507.52674,496.36484,48.186,0.00345,34074676,17181207168.0,-3.0052592036063035,516.74744
245,HK.00700,2020-09-07 00:00:00,499.27664,494.42364,507.52674,493.45304,47.539,0.00188,18586247,9289086587.0,-1.355538342370265,501.21784
246,HK.00700,2020-09-08 00:00:00,500.24724,491.99714,503.15904,485.68824,47.306,0.00193,19078567,9409542611.0,-0.490773458971334,494.42364
247,HK.00700,2020-09-09 00:00:00,485.68824,487.62944,491.99714,485.20294,46.888,0.00185,18297514,8969361973.0,-0.8877490629315474,491.99714
248,HK.00700,2020-09-10 00:00:00,497.33544,489.57064,501.70314,489.57064,47.074,0.00143,14096722,7018636646.0,0.39808917197453003,487.62944
249,HK.00700,2020-09-11 00:00:00,492.48244,499.27664,501.70314,490.05594,48.004,0.00133,13124790,6535474684.0,1.9825535289452734,489.57064
250,HK.00700,2020-09-14 00:00:00,504.61494,512.37974,520.14454,501.70314,49.26,0.00201,19865657,10239694065.0,2.624416796267493,499.27664
251,HK.00700,2020-09-15 00:00:00,518.20334,512.37974,521.11514,510.43854,49.26,0.00118,11662214,6031387509.0,0.0,512.37974
252,HK.00700,2020-09-16 00:00:00,520.62984,517.23274,520.62984,513.35034,49.725,0.00106,10494761,5447963293.0,0.947149081265404,512.37974
253,HK.00700,2020-09-17 00:00:00,517.71804,509.95324,518.68864,505.10024,49.027,0.00123,12130655,6200838665.0,-1.407393507224628,517.23274
254,HK.00700,2020-09-18 00:00:00,503.15904,508.01204,508.01204,493.93834,48.841,0.00226,22354623,11290861432.0,-0.38066235249333463,509.95324
255,HK.00700,2020-09-21 00:00:00,505.10024,499.76194,510.43854,495.39424,48.05,0.0011,10829831,5453114493.0,-1.6239969430645838,508.01204
256,HK.00700,2020-09-22 00:00:00,496.36484,494.90894,501.70314,493.45304,47.585,0.00131,12926392,6435265926.0,-0.9710623422023711,499.76194
257,HK.00700,2020-09-23 00:00:00,495.39424,497.33544,504.61494,493.45304,47.818,0.00131,12896841,6456682503.0,0.4902922141596458,494.90894
258,HK.00700,2020-09-24 00:00:00,493.45304,488.60004,495.39424,488.60004,46.981,0.0015,14781543,7274710897.0,-1.7564402810304505,497.33544
259,HK.00700,2020-09-25 00:00:00,493.45304,487.14414,494.90894,485.68824,46.841,0.00138,13627780,6698534816.0,-0.297973778307506,488.60004
260,HK.00700,2020-09-28 00:00:00,488.60004,489.57064,492.96774,487.14414,47.074,0.00114,11271336,5536419227.0,0.49810719266786885,487.14414
261,HK.00700,2020-09-29 00:00:00,498.30604,489.08534,498.79134,489.08534,47.027,0.00119,11777572,5847157617.0,-0.0991276764472747,489.57064
262,HK.00700,2020-09-30 00:00:00,495.87954,494.90894,503.15904,492.48244,47.585,0.00107,10555448,5261135521.0,1.1907124429450286,489.08534
263,HK.00700,2020-10-05 00:00:00,512.86504,508.01204,512.86504,504.61494,48.841,0.0019,18790986,9573793069.0,2.64757795646206,494.90894
264,HK.00700,2020-10-06 00:00:00,510.43854,510.43854,512.37974,508.49734,49.074,0.00082,8088399,4139145028.0,0.47764615972487107,508.01204
265,HK.00700,2020-10-07 00:00:00,512.86504,517.71804,518.68864,509.46794,49.772,0.0012,11870704,6138778645.0,1.4261266400456332,510.43854
266,HK.00700,2020-10-08 00:00:00,520.62984,517.71804,520.62984,514.32094,49.772,0.00085,8375138,4342355938.0,0.0,517.71804
267,HK.00700,2020-10-09 00:00:00,520.14454,522.08574,527.42404,517.71804,50.2,0.00159,15652648,8213727329.0,0.8436445444319487,517.71804
268,HK.00700,2020-10-12 00:00:00,527.42404,539.07124,539.07124,525.96814,51.828,0.00197,19472858,10446612544.0,3.253392823944971,522.08574
269,HK.00700,2020-10-14 00:00:00,549.74784,555.08614,555.57144,542.46834,53.363,0.0027,26688560,14737446123.0,2.970831832913218,539.07124
270,HK.00700,2020-10-15 00:00:00,551.68904,534.21824,551.68904,530.82114,51.363,0.00162,15991803,8662202914.0,-3.759398496240595,555.08614
271,HK.00700,2020-10-16 00:00:00,541.01244,539.07124,545.38014,534.21824,51.828,0.00108,10637675,5758463088.0,0.9084302325581304,534.21824
272,HK.00700,2020-10-19 00:00:00,543.92424,543.43894,550.23314,540.52714,52.247,0.00102,10067808,5488767433.0,0.8102268635217886,539.07124
273,HK.00700,2020-10-20 00:00:00,548.29194,546.35074,548.29194,540.52714,52.526,0.00104,10247631,5593221463.0,0.5358099660653635,543.43894
274,HK.00700,2020-10-21 00:00:00,550.23314,548.29194,554.60084,543.92424,52.712,0.00127,12583497,6924287609.0,0.35530289571859663,546.35074
275,HK.00700,2020-10-22 00:00:00,547.80664,545.38014,549.26254,535.18884,52.433,0.00132,13035582,7105149067.0,-0.5310674455655816,548.29194
276,HK.00700,2020-10-23 00:00:00,542.46834,543.43894,546.35074,539.07124,52.247,0.00079,7782542,4239428219.0,-0.3559352197899947,545.38014
277,HK.00700,2020-10-27 00:00:00,546.83604,566.24804,569.64514,542.46834,54.433,0.00293,28970986,16298074592.0,4.197178067512045,543.43894
278,HK.00700,2020-10-28 00:00:00,568.67454,581.77764,584.68944,565.27744,55.922,0.0026,25672295,14871901995.0,2.74254370929038,566.24804
279,HK.00700,2020-10-29 00:00:00,570.13044,585.66004,594.39544,568.67454,56.294,0.0024,23748667,13855721752.0,0.6673340006673274,581.77764
280,HK.00700,2020-10-30 00:00:00,577.89524,572.07164,590.51304,565.76274,54.992,0.0026,25638807,14821385466.0,-2.3201856148491844,585.66004
281,HK.00700,2020-11-02 00:00:00,574.01284,582.26294,584.20414,567.70394,55.969,0.00162,15977224,9232586716.0,1.781472684085503,572.07164
282,HK.00700,2020-11-03 00:00:00,577.89524,578.86584,584.20414,575.95404,55.643,0.00177,17491594,10177617427.0,-0.5834305717619448,582.26294
283,HK.00700,2020-11-04 00:00:00,555.57144,569.64514,580.32174,555.08614,54.759,0.00297,29326575,16719223890.0,-1.5928906773977334,578.86584
284,HK.00700,2020-11-05 00:00:00,590.51304,605.07204,605.07204,589.54244,58.155,0.00271,26744971,16058050391.0,6.219117396490041,569.64514
285,HK.00700,2020-11-06 00:00:00,606.52794,594.88074,607.01324,586.63064,57.178,0.00223,21996954,13110895068.0,-1.6843118383060751,605.07204
286,HK.00700,2020-11-09 00:00:00,610.41034,602.64554,612.83684,600.21904,57.923,0.00181,17868427,10871353656.0,1.3052700277369944,594.88074
287,HK.00700,2020-11-10 00:00:00,588.57184,575.95404,591.48364,566.24804,55.364,0.00377,37214363,21683310107.0,-4.429054598163959,602.64554
288,HK.00700,2020-11-11 00:00:00,542.95364,533.24764,566.24804,533.24764,51.27,0.00689,68068165,37359629198.0,-7.414897202561496,575.95404
289,HK.00700,2020-11-12 00:00:00,551.68904,558.48324,567.21864,551.68904,53.689,0.00337,33288079,18678261259.0,4.732435384055329,533.24764
290,HK.00700,2020-11-13 00:00:00,571.10104,582.74824,582.74824,562.36564,56.015,0.00297,29317329,16890154066.0,4.344803614876605,558.48324
291,HK.00700,2020-11-16 00:00:00,580.80704,577.89524,583.71884,566.73334,55.55,0.00202,19977148,11525779748.0,-0.8327781479014102,582.74824
292,HK.00700,2020-11-17 00:00:00,576.92464,562.85094,576.92464,562.85094,54.108,0.00202,19958881,11361988931.0,-2.6032919046019325,577.89524
293,HK.00700,2020-11-18 00:00:00,567.21864,570.13044,572.07164,561.39504,54.805,0.00141,13891531,7889781923.0,1.2933264355923406,562.85094
294,HK.00700,2020-11-19 00:00:00,567.21864,554.60084,568.18924,554.60084,53.317,0.00164,16182345,9112478212.0,-2.723867892407231,570.13044
295,HK.00700,2020-11-20 00:00:00,559.45384,569.15984,573.04224,557.02734,54.712,0.00173,17069870,9701020112.0,2.625131256562843,554.60084
296,HK.00700,2020-11-23 00:00:00,579.83644,567.21864,580.80704,567.21864,54.526,0.00218,21532538,12361111581.0,-0.3410641200545668,569.15984
297,HK.00700,2020-11-24 00:00:00,568.18924,565.27744,571.10104,560.42444,54.34,0.00166,16384498,9294297631.0,-0.34223134839152924,567.21864
298,HK.00700,2020-11-25 00:00:00,570.61574,554.60084,574.98344,552.65964,53.317,0.00215,21228656,11915051671.0,-1.8887362637362655,565.27744
299,HK.00700,2020-11-26 00:00:00,559.93914,567.21864,567.21864,556.54204,54.526,0.00116,11481679,6487044886.0,2.275113755687803,554.60084
300,HK.00700,2020-11-27 00:00:00,567.21864,564.30684,575.46874,564.30684,54.247,0.00117,11519753,6572380357.0,-0.5133470225872839,567.21864
301,HK.00700,2020-11-30 00:00:00,563.33624,544.89484,565.76274,544.89484,52.386,0.00342,33807105,18732935403.0,-3.4399724802201446,564.30684
302,HK.00700,2020-12-01 00:00:00,554.60084,559.45384,562.36564,553.14494,53.782,0.00232,22894970,12733963345.0,2.671891699323115,544.89484
303,HK.00700,2020-12-02 00:00:00,565.76274,555.57144,565.76274,549.74784,53.41,0.00141,13883243,7749524987.0,-0.6939625260235879,559.45384
304,HK.00700,2020-12-03 00:00:00,565.76274,570.13044,570.13044,560.90974,54.805,0.00162,16028429,9101743741.0,2.6205450733752564,555.57144
305,HK.00700,2020-12-04 00:00:00,570.13044,569.64514,574.01284,568.18924,54.759,0.0015,14798521,8467054068.0,-0.08512087163773469,570.13044
306,HK.00700,2020-12-07 00:00:00,573.52754,564.79214,573.52754,560.90974,54.309,0.00127,12500839,7085423980.0,-0.8519338899301331,569.64514
307,HK.00700,2020-12-08 00:00:00,569.15984,564.30684,571.58634,563.82154,54.262,0.00102,10057976,5724547927.0,-0.08592541673828039,564.79214
308,HK.00700,2020-12-09 00:00:00,572.07164,566.24804,572.07164,564.30684,54.448,0.00103,10185855,5805136553.0,0.3439972480220124,564.30684
309,HK.00700,2020-12-10 00:00:00,561.39504,559.45384,563.82154,558.96854,53.797,0.00107,10538180,5929666078.0,-1.1998628728145238,566.24804
310,HK.00700,2020-12-11 00:00:00,571.10104,569.15984,571.10104,563.82154,54.728,0.00126,12405265,7060512655.0,1.73490631505899,559.45384
311,HK.00700,2020-12-14 00:00:00,566.73334,552.65964,566.73334,551.68904,53.145,0.00221,21818635,12181587574.0,-2.8990450204638583,569.15984
312,HK.00700,2020-12-15 00:00:00,552.65964,541.98304,553.63024,541.98304,52.122,0.00243,24031433,13151780706.0,-1.9318580962416592,552.65964
313,HK.00700,2020-12-16 00:00:00,545.38014,553.14494,553.14494,535.18884,53.192,0.00181,17839849,9775393299.0,2.059455587392561,541.98304
314,HK.00700,2020-12-17 00:00:00,561.39504,564.30684,564.30684,555.57144,54.262,0.00144,14256378,8013666681.0,2.017897876820485,553.14494
315,HK.00700,2020-12-18 00:00:00,567.21864,561.39504,567.21864,556.05674,53.983,0.002,19787537,11117554246.0,-0.5159958720330187,564.30684
316,HK.00700,2020-12-21 00:00:00,561.88034,553.63024,561.88034,552.65964,53.239,0.00137,13555597,7561030332.0,-1.383125864453672,561.39504
317,HK.00700,2020-12-22 00:00:00,556.05674,554.11554,559.45384,549.26254,53.285,0.00107,10580832,5878273928.0,0.0876577840112296,553.63024
318,HK.00700,2020-12-23 00:00:00,549.74784,552.65964,556.05674,548.29194,53.17,0.00119,11736592,6502122430.0,-0.2627430373095189,554.11554
319,HK.00700,2020-12-24 00:00:00,551.68904,538.10064,553.14494,538.10064,51.773,0.00143,14154742,7707672740.0,-2.634351949420437,552.65964
320,HK.00700,2020-12-28 00:00:00,522.08574,502.18844,524.51224,502.18844,48.328,0.00631,62394079,32119139344.0,-6.673881673881671,538.10064
321,HK.00700,2020-12-29 00:00:00,512.86504,513.35034,521.60044,508.98264,49.399,0.00378,37348062,19331590445.0,2.2226517201391465,502.18844
322,HK.00700,2020-12-30 00:00:00,524.51224,541.49774,544.89484,521.60044,52.099,0.00304,30066910,16171925259.0,5.483078086594832,513.35034
323,HK.00700,2020-12-31 00:00:00,546.83604,545.86544,550.71844,541.49774,52.518,0.00138,13595819,7457110611.0,0.8065961641871326,541.49774
324,HK.00700,2021-01-04 00:00:00,540.04184,554.11554,564.30684,539.55654,53.31,0.00217,21413651,11968673375.0,1.5113798008534804,545.86544
325,HK.00700,2021-01-05 00:00:00,553.63024,564.79214,567.70394,547.32134,54.334,0.00195,19233516,10816494310.0,1.9267822736030842,554.11554
326,HK.00700,2021-01-06 00:00:00,566.24804,577.40994,579.83644,566.24804,55.545,0.00268,26491359,15288562078.0,2.2340608351950486,564.79214
327,HK.00700,2021-01-07 00:00:00,561.88034,550.23314,565.76274,550.23314,52.937,0.00416,41085536,22909263786.0,-4.706673390485788,577.40994
328,HK.00700,2021-01-08 00:00:00,550.23314,554.60084,559.45384,549.26254,53.356,0.00238,23556336,13114406011.0,0.7937907920267943,550.23314
329,HK.00700,2021-01-11 00:00:00,562.36564,572.07164,582.74824,562.36564,55.033,0.004,39566302,22778819576.0,3.1501575078754036,554.60084
330,HK.00700,2021-01-12 00:00:00,567.70394,571.10104,577.40994,567.21864,54.955,0.0021,20781763,11926523174.0,-0.16966406515099933,572.07164
331,HK.00700,2021-01-13 00:00:00,570.61574,576.92464,583.23354,569.64514,55.514,0.00236,23294413,13511176648.0,1.019714479945605,571.10104
332,HK.00700,2021-01-14 00:00:00,588.57184,609.43974,609.43974,587.60124,58.634,0.00382,37723023,22750322235.0,5.635935397039044,576.92464
333,HK.00700,2021-01-15 00:00:00,609.43974,624.48404,625.45464,598.27784,60.078,0.0032,31588757,19497359220.0,2.46854594680682,609.43974
334,HK.00700,2021-01-18 00:00:00,618.17514,636.13124,646.32254,615.26334,61.195,0.00349,34517629,21986252025.0,1.865091700341933,624.48404
335,HK.00700,2021-01-19 00:00:00,643.89604,634.19004,652.14614,627.39584,61.009,0.00316,31240464,20020648289.0,-0.3051571559353215,636.13124
336,HK.00700,2021-01-20 00:00:00,649.71964,657.96974,658.45504,637.10184,63.291,0.00377,37310449,24314609981.0,3.74961738598103,634.19004
337,HK.00700,2021-01-21 00:00:00,658.94034,660.88154,677.86704,652.63144,63.571,0.00289,28595337,19133097820.0,0.4425431479569214,657.96974
338,HK.00700,2021-01-22 00:00:00,668.16104,669.13164,677.38174,662.82274,64.362,0.00316,31248218,20995805041.0,1.2483477750036678,660.88154
339,HK.00700,2021-01-25 00:00:00,684.66124,742.41194,743.38254,680.29354,71.395,0.0049,48384902,34857124493.0,10.951552074267482,669.13164
340,HK.00700,2021-01-26 00:00:00,721.54404,695.82314,725.42644,692.91134,66.924,0.00521,51482080,36499179797.0,-6.275330108510915,742.41194
341,HK.00700,2021-01-27 00:00:00,693.39664,679.32294,706.01444,676.41114,65.34,0.0039,38518409,26685279667.0,-2.371320965267115,695.82314
342,HK.00700,2021-01-28 00:00:00,677.86704,659.42564,696.79374,659.42564,63.431,0.00389,38419333,25931525968.0,-2.9289898556936667,679.32294
343,HK.00700,2021-01-29 00:00:00,673.01404,659.91094,694.36724,659.91094,63.478,0.00354,35003596,23662535594.0,0.07359434795406777,659.42564
344,HK.00700,2021-02-01 00:00:00,675.92584,689.51424,704.55854,675.92584,66.318,0.00299,29511038,20413388474.0,4.485953816737754,659.91094
345,HK.00700,2021-02-02 00:00:00,716.69104,701.64674,724.45584,700.67614,67.483,0.00274,27124507,19399571257.0,1.7595720720720793,689.51424
346,HK.00700,2021-02-03 00:00:00,710.86744,712.80864,716.20574,700.19084,68.554,0.00177,17494152,12452188597.0,1.5908147738276308,701.64674
347,HK.00700,2021-02-04 00:00:00,702.13204,712.32334,719.11754,688.05834,68.507,0.00246,24355224,17234709092.0,-0.06808278867101532,712.80864
348,HK.00700,2021-02-05 00:00:00,724.45584,709.89684,733.19124,709.41154,68.274,0.00195,19230199,13888078660.0,-0.3406458645592088,712.32334
349,HK.00700,2021-02-08 00:00:00,724.45584,713.29394,726.39704,711.83804,68.6,0.00154,15267136,10996932191.0,0.4785343177467902,709.89684
350,HK.00700,2021-02-09 00:00:00,722.02934,717.17634,724.94114,713.77924,68.973,0.00111,10974488,7900954955.0,0.5442917403728345,713.29394
351,HK.00700,2021-02-10 00:00:00,735.13244,737.07364,745.80904,727.85294,70.883,0.00176,17437312,12889470840.0,2.7743943700094698,717.17634
352,HK.00700,2021-02-11 00:00:00,739.01484,733.19124,739.01484,725.42644,70.51,0.00107,10571351,7749504753.0,-0.5267316302343904,737.07364
353,HK.00700,2021-02-16 00:00:00,738.52954,721.54404,742.41194,717.66164,69.392,0.00246,24294202,17732825028.0,-1.5885623510722793,733.19124
354,HK.00700,2021-02-17 00:00:00,717.66164,733.67654,739.01484,707.47034,70.557,0.00167,16522262,12044879007.0,1.6814635458703324,721.54404
355,HK.00700,2021-02-18 00:00:00,742.89724,723.97054,751.14734,721.54404,69.625,0.00253,24976235,18435079500.0,-1.3229263130043678,733.67654
356,HK.00700,2021-02-19 00:00:00,723.48524,717.66164,723.97054,703.10264,69.02,0.00235,23273797,16681618624.0,-0.8714304866604095,723.97054
357,HK.00700,2021-02-22 00:00:00,725.91174,690.97014,725.91174,688.54364,66.458,0.00285,28123347,19794768584.0,-3.7192318095753336,717.66164
358,HK.00700,2021-02-23 00:00:00,674.95524,684.66124,699.22024,674.95524,65.853,0.00281,27749800,19140483653.0,-0.9130495856159564,690.97014
359,HK.00700,2021-02-24 00:00:00,687.08774,665.24924,692.91134,658.45504,63.99,0.00433,42845236,28783111045.0,-2.8352707683583835,684.66124
360,HK.00700,2021-02-25 00:00:00,677.86704,669.61694,694.36724,669.61694,64.409,0.0025,24735573,16827614030.0,0.6565509191712888,665.24924
361,HK.00700,2021-02-26 00:00:00,647.77844,641.46954,664.76394,641.46954,61.708,0.00386,38200168,24917065822.0,-4.203507754747057,669.61694
362,HK.00700,2021-03-01 00:00:00,670.10224,674.95524,674.95524,657.48444,64.921,0.00282,27899262,18571644069.0,5.220154334997722,641.46954
363,HK.00700,2021-03-02 00:00:00,689.51424,675.92584,699.22024,670.58754,65.014,0.00241,23779096,16311046904.0,0.143802128271497,674.95524
364,HK.00700,2021-03-03 00:00:00,675.92584,700.19084,700.19084,668.16104,67.343,0.00191,18839155,13013561554.0,3.5898908673176315,675.92584
365,HK.00700,2021-03-04 00:00:00,679.80824,668.16104,687.08774,668.16104,64.269,0.00255,25239638,17084111787.0,-4.574438591627395,700.19084
366,HK.00700,2021-03-05 00:00:00,647.29314,657.48444,673.01404,645.83724,63.245,0.00283,27959047,18457588278.0,-1.5979081929110996,668.16104
367,HK.00700,2021-03-08 00:00:00,661.85214,622.05754,667.19044,620.60164,59.845,0.00378,37330702,23819030456.0,-5.38824918807203,657.48444
368,HK.00700,2021-03-09 00:00:00,611.86624,623.51344,643.41074,593.42484,59.985,0.00404,39980818,24737311188.0,0.23404587299109478,622.05754
369,HK.00700,2021-03-10 00:00:00,648.74904,637.58714,648.74904,631.27824,61.335,0.00242,23960086,15380501885.0,2.2571606475716117,623.51344
370,HK.00700,2021-03-11 00:00:00,637.58714,658.94034,661.85214,636.61654,63.384,0.00219,21608004,14151202733.0,3.3490637844420785,637.58714
371,HK.00700,2021-03-12 00:00:00,672.04344,629.82234,672.52874,626.91054,60.59,0.00271,26773041,17407186915.0,-4.418912947414927,658.94034
372,HK.00700,2021-03-15 00:00:00,629.33704,607.98384,632.24884,601.18964,58.494,0.00365,36073393,22199001826.0,-3.4674063800277497,629.82234
373,HK.00700,2021-03-16 00:00:00,618.66044,610.41034,623.02814,605.07204,58.727,0.00204,20135443,12361190916.0,0.3991060025542838,607.98384
374,HK.00700,2021-03-17 00:00:00,604.58674,604.58674,618.66044,602.16024,58.168,0.00199,19677561,11972069608.0,-0.9540467482906754,610.41034
375,HK.00700,2021-03-18 00:00:00,614.77804,620.11634,630.79294,611.86624,59.659,0.00233,23040070,14361460666.0,2.5686305988120206,604.58674
376,HK.00700,2021-03-19 00:00:00,607.98384,607.98384,618.17514,604.10144,58.494,0.00235,23223024,14178638360.0,-1.9564877132571687,620.11634
377,HK.00700,2021-03-22 00:00:00,610.41034,613.32214,623.02814,609.43974,59.007,0.00146,14436974,8876749536.0,0.8780332056194131,607.98384
378,HK.00700,2021-03-23 00:00:00,623.99874,608.46914,623.99874,606.52794,58.541,0.00152,15050123,9245367760.0,-0.7912644405760326,613.32214
379,HK.00700,2021-03-24 00:00:00,610.89564,603.61614,617.20454,596.33664,58.075,0.00188,18595669,11250251821.0,-0.7975753708725583,608.46914
380,HK.00700,2021-03-25 00:00:00,580.80704,586.63064,602.16024,569.64514,30.539,0.00462,45631242,26816372078.0,-2.813957227850137,603.61614
381,HK.00700,2021-03-26 00:00:00,586.63064,600.21904,611.86624,586.14534,31.245,0.00255,25231243,15191051275.0,2.3163467902051584,586.63064
382,HK.00700,2021-03-29 00:00:00,600.21904,592.45424,602.16024,581.29234,30.842,0.00302,29887011,17734706995.0,-1.2936610608020571,600.21904
383,HK.00700,2021-03-30 00:00:00,593.91014,590.02774,601.18964,587.11594,30.716,0.00214,21179060,12601669642.0,-0.4095674967234656,592.45424
384,HK.00700,2021-03-31 00:00:00,598.27784,590.51304,601.67494,589.54244,30.741,0.00166,16422829,9771061290.0,0.0822503701266744,590.02774
385,HK.00700,2021-04-01 00:00:00,607.49854,633.21944,635.16064,601.67494,32.958,0.00343,33899689,20983286977.0,7.232084155161063,590.51304
386,HK.00700,2021-04-07 00:00:00,632.24884,609.43974,637.10184,603.61614,31.724,0.00283,28001669,17284277000.0,-3.7553648068669427,633.21944
387,HK.00700,2021-04-08 00:00:00,594.39544,600.21904,608.95444,594.39544,31.245,0.02578,254879613,148682130954.0,-1.512979773849352,609.43974
388,HK.00700,2021-04-09 00:00:00,608.95444,600.70434,608.95444,595.85134,31.27,0.00234,23144147,13938508210.0,0.08085381630013805,600.21904
389,HK.00700,2021-04-12 00:00:00,596.33664,593.91014,599.73374,583.71884,30.919,0.00292,28827315,17083865632.0,-1.1310389400549439,600.70434
390,HK.00700,2021-04-13 00:00:00,593.91014,588.57184,602.16024,587.60124,30.642,0.00192,18998781,11299730081.0,-0.898839679686224,593.91014
391,HK.00700,2021-04-14 00:00:00,601.18964,603.61614,605.07204,595.85134,31.423,0.00188,18544958,11178711808.0,2.5560686015831173,588.57184
392,HK.00700,2021-04-15 00:00:00,603.61614,600.21904,603.61614,590.99834,31.246,0.00152,14989293,8953514302.0,-0.5627914455700312,603.61614
393,HK.00700,2021-04-16 00:00:00,600.21904,611.86624,612.35154,596.33664,31.851,0.00216,21385782,12991323283.0,1.9404915912031047,600.21904
394,HK.00700,2021-04-19 00:00:00,609.92504,607.01324,623.51344,600.21904,31.599,0.00211,20854509,12788967519.0,-0.7931472081218196,611.86624
395,HK.00700,2021-04-20 00:00:00,600.21904,602.64554,606.04264,598.27784,31.372,0.00159,15689235,9461630716.0,-0.7195394947233792,607.01324
396,HK.00700,2021-04-21 00:00:00,594.88074,589.54244,596.33664,588.57184,30.692,0.00215,21286707,12626278960.0,-2.174263166371384,602.64554
397,HK.00700,2021-04-22 00:00:00,601.67494,601.18964,604.58674,596.33664,31.297,0.0016,15843503,9540018222.0,1.9756338491932823,589.54244
398,HK.00700,2021-04-23 00:00:00,607.49854,611.86624,611.86624,601.18964,31.851,0.0017,16791154,10229264235.0,1.775912173070696,601.18964
399,HK.00700,2021-04-26 00:00:00,611.86624,608.46914,619.63104,605.55734,31.675,0.00148,14630173,8993173488.0,-0.5552030456852645,611.86624
400,HK.00700,2021-04-27 00:00:00,603.61614,605.07204,605.07204,596.82194,31.498,0.00144,14247391,8596239727.0,-0.558302759610787,608.46914
401,HK.00700,2021-04-28 00:00:00,601.18964,607.98384,607.98384,597.79254,31.65,0.00117,11536124,7003461908.0,0.4812319538017276,605.07204
402,HK.00700,2021-04-29 00:00:00,619.14574,611.38094,619.14574,608.46914,31.826,0.0013,12843986,7907101551.0,0.5587484035759936,607.98384
403,HK.00700,2021-04-30 00:00:00,607.49854,603.13084,607.49854,600.21904,31.398,0.00125,12358046,7471779138.0,-1.3494205429433201,611.38094
404,HK.00700,2021-05-03 00:00:00,599.73374,604.58674,604.58674,596.82194,31.473,0.00083,8184916,4941793757.0,0.24139040875441364,603.13084
405,HK.00700,2021-05-04 00:00:00,604.58674,602.16024,605.07204,599.24844,31.347,0.00066,6518201,3932824476.0,-0.40134853106436297,604.58674
406,HK.00700,2021-05-05 00:00:00,595.85134,590.99834,597.30724,590.99834,30.768,0.00121,11979088,7133404195.0,-1.8536428110896292,602.16024
407,HK.00700,2021-05-06 00:00:00,594.88074,590.99834,599.24844,583.23354,30.768,0.00223,22056007,13029878032.0,0.0,590.99834
408,HK.00700,2021-05-07 00:00:00,593.42484,580.80704,593.42484,580.80704,30.24,0.00182,17991860,10549714657.0,-1.7244210872064303,590.99834
409,HK.00700,2021-05-10 00:00:00,579.83644,575.95404,588.57184,571.10104,29.988,0.00214,21162165,12257647803.0,-0.8355614973262145,580.80704
410,HK.00700,2021-05-11 00:00:00,563.33624,565.76274,567.21864,548.29194,29.459,0.00361,35666156,20024473714.0,-1.7694641051567164,575.95404
411,HK.00700,2021-05-12 00:00:00,565.76274,579.35114,583.71884,565.76274,30.164,0.00239,23597674,13626240378.0,2.4017841825355943,565.76274
412,HK.00700,2021-05-13 00:00:00,574.01284,561.39504,575.95404,561.39504,29.232,0.00187,18524383,10551371505.0,-3.0993466242251624,579.35114
413,HK.00700,2021-05-14 00:00:00,558.48324,564.30684,569.15984,555.57144,29.383,0.00167,16499153,9314450701.0,0.5186721991701193,561.39504
414,HK.00700,2021-05-17 00:00:00,574.01284,581.29234,585.17474,570.13044,30.265,0.002,19747616,11470569190.0,3.009975920192639,564.30684
415,HK.00700,2021-05-18 00:00:00,587.60124,588.08654,590.02774,580.32174,30.618,0.00127,12557631,7379704326.0,1.1688094840541072,581.29234
416,HK.00700,2021-05-20 00:00:00,591.48364,589.54244,595.85134,584.20414,30.694,0.00163,16105138,9523152294.0,0.2475656048853018,588.08654
417,HK.00700,2021-05-21 00:00:00,580.80704,569.64514,580.80704,564.79214,29.66,0.0042,41562768,23781668966.0,-3.3750411590385396,589.54244
418,HK.00700,2021-05-24 00:00:00,569.2569,568.2863,570.7128,559.5509,29.509,0.00173,17111439,9690484888.0,-0.23854148918043722,569.64514
419,HK.00700,2021-05-25 00:00:00,572.1687,592.066,594.9778,571.1981,30.744,0.00282,27863767,16384026057.0,4.184457728437241,568.2863
420,HK.00700,2021-05-26 00:00:00,606.1397,599.8308,606.1397,594.0072,31.147,0.00195,19293595,11572417145.0,1.3114754098360526,592.066
421,HK.00700,2021-05-27 00:00:00,592.066,587.6983,594.9778,584.3012,30.517,0.00268,26524739,15628668560.0,-2.0226537216828375,599.8308
422,HK.00700,2021-05-28 00:00:00,590.1248,583.8159,594.0072,583.3306,30.316,0.00158,15642981,9193575725.0,-0.6606110652353361,587.6983
423,HK.00700,2021-05-31 00:00:00,594.0072,600.8014,601.2867,585.7571,31.198,0.00162,15988246,9488556188.0,2.9093931837073788,583.8159
424,HK.00700,2021-06-01 00:00:00,600.8014,609.5368,613.4192,598.8602,31.651,0.00188,18588038,11306860041.0,1.4539579967689868,600.8014
425,HK.00700,2021-06-02 00:00:00,615.3604,610.0221,621.184,607.1103,31.676,0.0017,16826761,10318073572.0,0.07961783439491299,609.5368
426,HK.00700,2021-06-03 00:00:00,610.0221,597.4043,610.9927,594.0072,31.021,0.00128,12683334,7632225021.0,-2.0684168655529014,610.0221
427,HK.00700,2021-06-04 00:00:00,592.066,593.5219,596.4337,588.1836,30.82,0.00197,19514197,11545288260.0,-0.6498781478472911,597.4043
428,HK.00700,2021-06-07 00:00:00,593.0366,582.8453,593.5219,580.9041,30.265,0.00206,20366150,11937603206.0,-1.7988552739166002,593.5219
429,HK.00700,2021-06-08 00:00:00,588.1836,583.3306,588.1836,579.4482,30.29,0.00108,10636960,6205312521.0,0.08326394671108305,582.8453
430,HK.00700,2021-06-09 00:00:00,582.36,585.2718,588.1836,579.9335,30.391,0.00081,8002158,4677955002.0,0.33277870216305827,583.3306
431,HK.00700,2021-06-10 00:00:00,587.213,582.8453,590.6101,580.4188,30.265,0.00122,12082835,7054660097.0,-0.4145936981757933,585.2718
432,HK.00700,2021-06-11 00:00:00,590.6101,578.4776,590.6101,578.4776,30.038,0.00151,14935799,8713136339.0,-0.7493755203996498,582.8453
433,HK.00700,2021-06-15 00:00:00,587.213,582.36,587.213,574.5952,30.24,0.0012,11880717,6899536974.0,0.6711409395973087,578.4776
434,HK.00700,2021-06-16 00:00:00,579.4482,578.9629,580.9041,577.0217,30.064,0.00102,10067069,5826298555.0,-0.5833333333333373,582.36
435,HK.00700,2021-06-17 00:00:00,576.5364,581.3894,581.3894,574.1099,30.19,0.00144,14188984,8187760002.0,0.4191114836546578,578.9629
436,HK.00700,2021-06-18 00:00:00,584.3012,585.2718,590.1248,581.8747,30.391,0.00128,12674221,7418483639.0,0.6677796327211953,581.3894
437,HK.00700,2021-06-21 00:00:00,582.36,573.1393,582.36,565.3745,29.761,0.00245,24220661,13848594212.0,-2.0729684908789276,585.2718
438,HK.00700,2021-06-22 00:00:00,571.6834,556.6391,571.6834,554.6979,28.904,0.00322,31808040,17803545502.0,-2.8789161727349812,573.1393
439,HK.00700,2021-06-23 00:00:00,562.948,565.3745,565.8598,556.1538,29.358,0.00192,18945433,10645900389.0,1.5693112467306065,556.6391
440,HK.00700,2021-06-24 00:00:00,566.8304,565.8598,570.2275,562.948,29.383,0.00114,11278895,6387238277.0,0.08583690987123373,565.3745
441,HK.00700,2021-06-25 00:00:00,571.1981,580.9041,582.36,566.8304,30.164,0.00201,19835238,11434596764.0,2.6586620926243607,565.8598
442,HK.00700,2021-06-28 00:00:00,585.2718,577.9923,588.1836,574.5952,30.013,0.0012,11833868,6841164004.0,-0.5012531328320752,580.9041
443,HK.00700,2021-06-29 00:00:00,582.36,573.1393,583.3306,570.7128,29.761,0.00153,15159953,8719405551.0,-0.8396305625524686,577.9923
444,HK.00700,2021-06-30 00:00:00,579.9335,566.8304,579.9335,566.8304,29.434,0.00142,14030851,8009048280.0,-1.100762066045723,573.1393
445,HK.00700,2021-07-02 00:00:00,580.9041,557.6097,580.9041,555.6685,28.955,0.0026,25694014,14455213565.0,-1.626712328767137,566.8304
446,HK.00700,2021-07-05 00:00:00,553.242,537.7124,555.1832,532.3741,27.921,0.00452,44650845,24111867251.0,-3.5683202785030415,557.6097
447,HK.00700,2021-07-06 00:00:00,535.7712,542.5654,546.4478,532.8594,28.173,0.00203,20062891,10833366343.0,0.9025270758122653,537.7124
448,HK.00700,2021-07-07 00:00:00,535.7712,532.3741,537.2271,522.6681,27.644,0.00318,31445199,16657004200.0,-1.8783542039355912,542.5654
449,HK.00700,2021-07-08 00:00:00,524.124,512.4768,527.5211,508.1091,26.612,0.00476,47072438,24236307713.0,-3.7374658158614347,532.3741
450,HK.00700,2021-07-09 00:00:00,509.565,522.6681,526.0652,494.5207,27.142,0.00447,44222340,22695343159.0,1.9886363636363549,512.4768
451,HK.00700,2021-07-12 00:00:00,533.3447,518.7857,534.8006,507.1385,26.94,0.00319,31570858,16329216413.0,-0.7428040854224625,522.6681
452,HK.00700,2021-07-13 00:00:00,525.0946,539.1683,545.9625,517.3298,27.998,0.00345,34129326,18301042541.0,3.9289055191768054,518.7857
453,HK.00700,2021-07-14 00:00:00,543.536,540.1389,546.4478,537.7124,28.049,0.00207,20511315,11133066554.0,0.1800180018001782,539.1683
454,HK.00700,2021-07-15 00:00:00,544.9919,548.389,555.1832,544.0213,28.477,0.0021,20790960,11459242147.0,1.5274034141958623,540.1389
455,HK.00700,2021-07-16 00:00:00,550.3302,547.4184,552.7567,540.6242,28.427,0.00154,15207140,8329381355.0,-0.17699115044247613,548.389
456,HK.00700,2021-07-19 00:00:00,543.536,533.3447,543.536,529.4623,27.696,0.00176,17427006,9304894975.0,-2.5709219858156085,547.4184
457,HK.00700,2021-07-20 00:00:00,532.8594,526.5505,539.6536,523.1534,27.343,0.00206,20413458,10774124230.0,-1.2738853503184588,533.3447
458,HK.00700,2021-07-21 00:00:00,526.5505,522.1828,528.4917,514.418,27.116,0.00212,20915892,10870166668.0,-0.8294930875576062,526.5505
459,HK.00700,2021-07-22 00:00:00,528.977,528.0064,532.8594,521.2122,27.419,0.00164,16167723,8517327631.0,1.1152416356877213,522.1828
460,HK.00700,2021-07-23 00:00:00,529.9476,515.3886,530.4329,513.4474,26.764,0.00175,17266416,8992755158.0,-2.389705882352939,528.0064
461,HK.00700,2021-07-26 00:00:00,495.006,475.594,497.4325,474.81752,24.697,0.00858,84783225,41055111243.0,-7.721280602636535,515.3886
462,HK.00700,2021-07-27 00:00:00,451.71724,432.8876,466.66448,425.89928,22.479,0.01126,111299363,49742780968.0,-8.97959183673469,475.594
463,HK.00700,2021-07-28 00:00:00,437.7406,434.05232,447.05836,409.5932,22.54,0.01176,116282697,49651529589.0,0.2690582959641229,432.8876
464,HK.00700,2021-07-29 00:00:00,465.888,477.5352,479.67052,454.82316,24.798,0.0076,75104350,35108302945.0,10.017889087656522,434.05232
465,HK.00700,2021-07-30 00:00:00,473.26456,464.9174,473.26456,451.329,24.154,0.00422,41685536,19288363721.0,-2.6422764227642253,477.5352
466,HK.00700,2021-08-02 00:00:00,462.0056,461.035,464.72328,445.69952,23.952,0.00307,30336967,13807676609.0,-0.83507306889352,464.9174
467,HK.00700,2021-08-03 00:00:00,455.01728,432.8876,455.01728,411.14616,22.49,0.01227,121381134,51535700520.0,-6.105263157894737,461.035
468,HK.00700,2021-08-04 00:00:00,422.211,443.37008,455.98788,421.2404,23.034,0.0048,47499952,21007883206.0,2.4215246636771193,432.8876
469,HK.00700,2021-08-05 00:00:00,439.29356,426.0934,450.74664,419.88156,22.137,0.00611,60401718,26193545519.0,-3.8966725043782837,443.37008
470,HK.00700,2021-08-06 00:00:00,431.72288,440.26416,446.86424,427.064,22.873,0.00447,44247354,19468783995.0,3.325740318906613,426.0934
471,HK.00700,2021-08-09 00:00:00,434.63468,448.02896,458.51144,429.58756,23.276,0.00427,42197003,18847164570.0,1.7636684303350925,440.26416
472,HK.00700,2021-08-10 00:00:00,463.9468,471.90572,478.5058,459.28792,24.517,0.00426,42120301,19749306230.0,5.329289428076255,448.02896
473,HK.00700,2021-08-11 00:00:00,475.78812,469.7704,478.11756,465.888,24.406,0.0021,20755871,9769581009.0,-0.45248868778280094,471.90572
474,HK.00700,2021-08-12 00:00:00,468.41156,467.8292,476.75872,462.19972,24.305,0.0017,16846162,7896898173.0,-0.4132231404958637,469.7704
475,HK.00700,2021-08-13 00:00:00,457.34672,456.37612,462.19972,447.83484,23.71,0.00275,27217693,12356849185.0,-2.4481327800829877,467.8292
476,HK.00700,2021-08-16 00:00:00,449.97016,440.45828,452.68784,435.7994,22.883,0.00302,29899729,13186393497.0,-3.487877498936625,456.37612
477,HK.00700,2021-08-17 00:00:00,429.78168,422.211,433.27584,420.2698,21.935,0.00449,44450956,18887383621.0,-4.14279418245923,440.45828
478,HK.00700,2021-08-18 00:00:00,417.358,423.37572,429.9758,417.358,21.995,0.00277,27402560,11588410814.0,0.27586206896551446,422.211
479,HK.00700,2021-08-19 00:00:00,434.8288,408.81672,437.54648,406.87552,21.239,0.00532,52649609,22060620838.0,-3.438789546079786,423.37572
480,HK.00700,2021-08-20 00:00:00,408.81672,412.89324,420.46392,400.08132,21.451,0.00543,53715100,22090583887.0,0.9971509971510011,408.81672
481,HK.00700,2021-08-23 00:00:00,427.064,421.04628,430.9464,418.91096,21.874,0.00465,45969897,19545955504.0,1.9746121297602337,412.89324
482,HK.00700,2021-08-24 00:00:00,433.66408,458.1232,458.1232,432.11112,23.801,0.00516,51019214,22718125103.0,8.805901337021663,421.04628
483,HK.00700,2021-08-25 00:00:00,477.14696,460.64676,477.14696,454.04668,23.932,0.00429,42478516,19710168123.0,0.5508474576271132,458.1232
484,HK.00700,2021-08-26 00:00:00,460.64676,457.92908,466.66448,454.62904,23.791,0.0018,17821825,8181575517.0,-0.5899705014749205,460.64676
485,HK.00700,2021-08-27 00:00:00,455.2114,452.68784,469.38216,448.99956,23.518,0.00244,24174148,11081578061.0,-1.1445527766002555,457.92908
486,HK.00700,2021-08-30 00:00:00,450.55252,452.10548,454.62904,444.14656,23.488,0.00192,19034953,8532161084.0,-0.1286449399656934,452.68784
487,HK.00700,2021-08-31 00:00:00,449.19368,467.05272,467.05272,434.05232,24.265,0.00544,53760979,24228211722.0,3.306139974237875,452.10548
488,HK.00700,2021-09-01 00:00:00,470.741,474.04104,480.05876,463.75268,24.626,0.00368,36364337,17192591083.0,1.4962593516209448,467.05272
489,HK.00700,2021-09-02 00:00:00,484.3294,481.4176,495.006,478.5058,25.01,0.00422,41697930,20302808466.0,1.5561015561015528,474.04104
490,HK.00700,2021-09-03 00:00:00,481.99996,473.6528,482.97056,467.44096,24.606,0.00283,27962565,13229997777.0,-1.6129032258064475,481.4176
491,HK.00700,2021-09-06 00:00:00,475.01164,490.153,492.0942,473.84692,25.463,0.00279,27584907,13405734316.0,3.4836065573770503,473.6528
492,HK.00700,2021-09-07 00:00:00,495.006,500.3443,504.712,493.0648,25.993,0.0026,25719383,12901520207.0,2.07920792079207,490.153
493,HK.00700,2021-09-08 00:00:00,510.5356,509.0797,513.4474,497.4325,26.447,0.00344,33995379,17246381866.0,1.7458777885548067,500.3443
494,HK.00700,2021-09-09 00:00:00,494.0354,465.888,496.4619,464.9174,24.203,0.00563,55729284,26716845932.0,-8.484270734032417,509.0797
495,HK.00700,2021-09-10 00:00:00,476.75872,475.594,480.25288,467.05272,24.707,0.00372,36751639,17407850102.0,2.083333333333337,465.888
496,HK.00700,2021-09-13 00:00:00,465.888,463.9468,467.05272,457.1526,24.102,0.0029,28658174,13236014143.0,-2.4489795918367343,475.594
497,HK.00700,2021-09-14 00:00:00,462.39384,458.89968,468.60568,455.01728,23.84,0.00207,20508211,9452753751.0,-1.0878661087866124,463.9468
498,HK.00700,2021-09-15 00:00:00,444.5348,440.07004,450.3584,437.93472,22.863,0.00377,37261743,16534147402.0,-4.103214890016917,458.89968
499,HK.00700,2021-09-16 00:00:00,433.66408,437.7406,441.42888,431.917,22.742,0.00255,25262574,11017889134.0,-0.5293339214821426,440.07004
500,HK.00700,2021-09-17 00:00:00,432.69348,448.22308,453.85256,432.11112,23.286,0.0025,24709061,11022213311.0,2.39467849223947,437.7406
